node_i,node_j,cosine,jaccard,hamming,katz
Ann Rodriquez,Ariane de Rothschild,0.845272,0.3125,0.792453,0.014051
Ann Rodriquez,Bella Klein,0.780324,0.384615,0.698113,0.014879
Ann Rodriquez,Boris Nikolic,0.757254,0.3,0.735849,0.0448
Ann Rodriquez,Brad Wechsler,0.993733,0.222222,0.735849,0.010024
Ann Rodriquez,Brice Gordon,0.996894,0.529412,0.849057,0.015162
Ann Rodriquez,Cecile de Jongh,0.977631,0.5,0.830189,0.013952
Ann Rodriquez,Daphne Wallace,0.92509,0.5,0.811321,0.015636
Ann Rodriquez,Darren Indyke,0.448135,0.28125,0.566038,0.013213
Ann Rodriquez,David Mitchell,0.973554,0.352941,0.792453,0.011072
Ann Rodriquez,David Stern,0.97725,0.235294,0.754717,0.011631
Ann Rodriquez,Deepak Chopra,0.991096,0.266667,0.792453,0.008475
Ann Rodriquez,Ehud Barak,0.946905,0.105263,0.679245,0.001387
Ann Rodriquez,Eileen Alexanderson,0.987304,0.266667,0.792453,0.009493
Ann Rodriquez,Emad Hanna,0.975956,0.642857,0.90566,0.007102
Ann Rodriquez,Eric Roth,0.98434,0.5,0.886792,0.01437
Ann Rodriquez,Eva Dubin,0.989217,0.235294,0.754717,0.01111
Ann Rodriquez,Faith Kates,0.97514,0.307692,0.830189,0.012458
Ann Rodriquez,"Farkas, Andrew L.",0.994527,0.266667,0.792453,0.014217
Ann Rodriquez,Gary Kerney,0.992811,0.5,0.867925,0.012
Ann Rodriquez,Ghislaine Maxwell,0.831923,0.375,0.811321,0.010334
Ann Rodriquez,Ian Osborne,0.986839,0.2,0.773585,0.007834
Ann Rodriquez,Jean Luc Brunel,0.950261,0.357143,0.830189,0.00918
Ann Rodriquez,Jeffrey Epstein,0.334023,0.207547,0.207547,0.184618
Ann Rodriquez,Jes Staley,0.880299,0.1875,0.754717,0.01044
Ann Rodriquez,Joi Ito,0.974378,0.277778,0.754717,0.012625
Ann Rodriquez,Juan Pablo Molyneux,0.944238,0.166667,0.811321,0.000382
Ann Rodriquez,Karyna Shuliak,0.691943,0.392857,0.679245,0.033668
Ann Rodriquez,Kathy Ruemmler,0.763736,0.4375,0.830189,0.018514
Ann Rodriquez,Larry Summers,0.976442,0.142857,0.773585,0.006924
Ann Rodriquez,Larry Visoski,0.950932,0.5,0.830189,0.024565
Ann Rodriquez,Lawrence Krauss,0.99666,0.375,0.811321,0.008901
Ann Rodriquez,Lesley Groff,0.41732,0.211538,0.226415,0.111548
Ann Rodriquez,Melanie Spinella,0.986317,0.2,0.773585,0.017064
Ann Rodriquez,Michael Wolff,0.992043,0.2,0.773585,0.009173
Ann Rodriquez,Natalia Molotkova,0.954462,0.461538,0.867925,0.001894
Ann Rodriquez,Nicole Junkermann,0.995048,0.1875,0.754717,0.010336
Ann Rodriquez,Noam Chomsky,0.988376,0.2,0.773585,0.009205
Ann Rodriquez,"Nowak, Martin",0.977483,0.357143,0.830189,0.005129
Ann Rodriquez,Paul Morris,0.995259,0.315789,0.754717,0.007024
Ann Rodriquez,Peggy Siegal,0.982236,0.416667,0.867925,0.013524
Ann Rodriquez,Peter Mandelson,0.980834,0.133333,0.754717,0.004495
Ann Rodriquez,Petra Nemcova,0.06738,0.083333,0.792453,0.000112
Ann Rodriquez,"Pritzker, Tom",0.960863,0.176471,0.735849,0.011147
Ann Rodriquez,Ramsey Elkholy,0.958272,0.166667,0.811321,0.004119
Ann Rodriquez,Richard Joslin,0.989133,0.277778,0.754717,0.010051
Ann Rodriquez,Richard Kahn,0.527079,0.289474,0.490566,0.072703
Ann Rodriquez,Steve Hanson,0.982334,0.222222,0.735849,0.012547
Ann Rodriquez,Stewart Oldfield,0.991945,0.411765,0.811321,0.003805
Ann Rodriquez,Sultan Bin Sulayem,0.969223,0.157895,0.698113,0.010371
Ann Rodriquez,Tazia Smith,0.986486,0.4,0.830189,0.005327
Ann Rodriquez,Vahe Stepanian,0.991456,0.352941,0.792453,0.003788
Ann Rodriquez,Valeria Chomsky,0.988115,0.357143,0.830189,0.006438
Ariane de Rothschild,Bella Klein,0.860692,0.222222,0.603774,0.008014
Ariane de Rothschild,Boris Nikolic,0.916792,0.352941,0.792453,0.02396
Ariane de Rothschild,Brad Wechsler,0.882147,0.117647,0.716981,0.005152
Ariane de Rothschild,Brice Gordon,0.847855,0.277778,0.754717,0.008663
Ariane de Rothschild,Cecile de Jongh,0.909204,0.263158,0.735849,0.007497
Ariane de Rothschild,Daphne Wallace,0.899009,0.173913,0.641509,0.006422
Ariane de Rothschild,Darren Indyke,0.810304,0.225806,0.54717,0.005892
Ariane de Rothschild,David Mitchell,0.939572,0.176471,0.735849,0.006515
Ariane de Rothschild,David Stern,0.937671,0.285714,0.811321,0.007188
Ariane de Rothschild,Deepak Chopra,0.833509,0.142857,0.773585,0.004547
Ariane de Rothschild,Ehud Barak,0.946308,0.2,0.773585,0.000921
Ariane de Rothschild,Eileen Alexanderson,0.857531,0.142857,0.773585,0.005063
Ariane de Rothschild,Emad Hanna,0.920454,0.25,0.773585,0.003932
Ariane de Rothschild,Eric Roth,0.82693,0.363636,0.867925,0.007503
Ariane de Rothschild,Eva Dubin,0.908396,0.285714,0.811321,0.006617
Ariane de Rothschild,Faith Kates,0.884912,0.166667,0.811321,0.006746
Ariane de Rothschild,"Farkas, Andrew L.",0.858926,0.142857,0.773585,0.007441
Ariane de Rothschild,Gary Kerney,0.858923,0.2,0.773585,0.006278
Ariane de Rothschild,Ghislaine Maxwell,0.997169,0.1875,0.754717,0.005367
Ariane de Rothschild,Ian Osborne,0.827352,0.25,0.830189,0.004426
Ariane de Rothschild,Jean Luc Brunel,0.944513,0.230769,0.811321,0.005098
Ariane de Rothschild,Jeffrey Epstein,0.339391,0.150943,0.150943,0.104453
Ariane de Rothschild,Jes Staley,0.992597,0.230769,0.811321,0.004967
Ariane de Rothschild,Joi Ito,0.935624,0.428571,0.849057,0.006877
Ariane de Rothschild,Juan Pablo Molyneux,0.86626,0.222222,0.867925,0.000149
Ariane de Rothschild,Karyna Shuliak,0.801211,0.2,0.54717,0.017182
Ariane de Rothschild,Kathy Ruemmler,0.98675,0.176471,0.735849,0.009253
Ariane de Rothschild,Larry Summers,0.818209,0.3,0.867925,0.003374
Ariane de Rothschild,Larry Visoski,0.940247,0.2,0.698113,0.01421
Ariane de Rothschild,Lawrence Krauss,0.860062,0.117647,0.716981,0.005383
Ariane de Rothschild,Lesley Groff,0.485338,0.153846,0.169811,0.07107
Ariane de Rothschild,Melanie Spinella,0.832554,0.25,0.830189,0.008211
Ariane de Rothschild,Michael Wolff,0.833691,0.25,0.830189,0.004838
Ariane de Rothschild,Natalia Molotkova,0.911902,0.333333,0.849057,0.001181
Ariane de Rothschild,Nicole Junkermann,0.84391,0.230769,0.811321,0.005463
Ariane de Rothschild,Noam Chomsky,0.829928,0.25,0.830189,0.004543
Ariane de Rothschild,"Nowak, Martin",0.883989,0.230769,0.811321,0.003002
Ariane de Rothschild,Paul Morris,0.844428,0.157895,0.698113,0.003773
Ariane de Rothschild,Peggy Siegal,0.829066,0.166667,0.811321,0.007083
Ariane de Rothschild,Peter Mandelson,0.845545,0.166667,0.811321,0.002546
Ariane de Rothschild,Petra Nemcova,0.026305,0.111111,0.849057,5e-05
Ariane de Rothschild,"Pritzker, Tom",0.95499,0.214286,0.792453,0.00598
Ariane de Rothschild,Ramsey Elkholy,0.800104,0.222222,0.867925,0.002432
Ariane de Rothschild,Richard Joslin,0.906655,0.176471,0.735849,0.005634
Ariane de Rothschild,Richard Kahn,0.634683,0.15,0.358491,0.039467
Ariane de Rothschild,Steve Hanson,0.923535,0.1875,0.754717,0.006606
Ariane de Rothschild,Stewart Oldfield,0.866125,0.166667,0.716981,0.001752
Ariane de Rothschild,Sultan Bin Sulayem,0.937664,0.357143,0.830189,0.005721
Ariane de Rothschild,Tazia Smith,0.824517,0.2,0.773585,0.003514
Ariane de Rothschild,Vahe Stepanian,0.829641,0.176471,0.735849,0.002302
Ariane de Rothschild,Valeria Chomsky,0.828114,0.333333,0.849057,0.003395
Bella Klein,Boris Nikolic,0.879693,0.151515,0.471698,0.024995
Bella Klein,Brad Wechsler,0.780193,0.259259,0.622642,0.005413
Bella Klein,Brice Gordon,0.813529,0.407407,0.698113,0.009167
Bella Klein,Cecile de Jongh,0.888051,0.392857,0.679245,0.00795
Bella Klein,Daphne Wallace,0.956616,0.354839,0.622642,0.009115
Bella Klein,Darren Indyke,0.844081,0.472222,0.641509,0.012229
Bella Klein,David Mitchell,0.863407,0.25,0.603774,0.006908
Bella Klein,David Stern,0.84988,0.178571,0.566038,0.007401
Bella Klein,Deepak Chopra,0.712254,0.24,0.641509,0.004807
Bella Klein,Ehud Barak,0.833257,0.1,0.490566,0.000924
Bella Klein,Eileen Alexanderson,0.718216,0.148148,0.566038,0.005337
Bella Klein,Emad Hanna,0.79551,0.296296,0.641509,0.0041
Bella Klein,Eric Roth,0.678997,0.25,0.660377,0.007888
Bella Klein,Eva Dubin,0.811852,0.269231,0.641509,0.006828
Bella Klein,Faith Kates,0.710526,0.115385,0.566038,0.007062
Bella Klein,"Farkas, Andrew L.",0.751415,0.291667,0.679245,0.007784
Bella Klein,Gary Kerney,0.738474,0.32,0.679245,0.006549
Bella Klein,Ghislaine Maxwell,0.838319,0.307692,0.660377,0.005604
Bella Klein,Ian Osborne,0.691798,0.071429,0.509434,0.004609
Bella Klein,Jean Luc Brunel,0.767381,0.192308,0.603774,0.005289
Bella Klein,Jeffrey Epstein,0.589055,0.433962,0.433962,0.107712
Bella Klein,Jes Staley,0.817836,0.148148,0.566038,0.005258
Bella Klein,Joi Ito,0.868991,0.206897,0.566038,0.007197
Bella Klein,Juan Pablo Molyneux,0.650968,0.083333,0.584906,0.000163
Bella Klein,Karyna Shuliak,0.980173,0.5,0.679245,0.026432
Bella Klein,Kathy Ruemmler,0.868848,0.206897,0.566038,0.009799
Bella Klein,Larry Summers,0.655529,0.12,0.584906,0.003584
Bella Klein,Larry Visoski,0.915229,0.344828,0.641509,0.016967
Bella Klein,Lawrence Krauss,0.790261,0.214286,0.584906,0.005573
Bella Klein,Lesley Groff,0.806775,0.442308,0.45283,0.095078
Bella Klein,Melanie Spinella,0.701685,0.111111,0.54717,0.009273
Bella Klein,Michael Wolff,0.713487,0.153846,0.584906,0.005104
Bella Klein,Natalia Molotkova,0.733661,0.24,0.641509,0.002063
Bella Klein,Nicole Junkermann,0.734005,0.148148,0.566038,0.005691
Bella Klein,Noam Chomsky,0.696659,0.153846,0.584906,0.004829
Bella Klein,"Nowak, Martin",0.732523,0.24,0.641509,0.003178
Bella Klein,Paul Morris,0.801872,0.321429,0.641509,0.004948
Bella Klein,Peggy Siegal,0.674161,0.115385,0.566038,0.007509
Bella Klein,Peter Mandelson,0.695906,0.115385,0.566038,0.002629
Bella Klein,Petra Nemcova,0.062747,0.041667,0.566038,5.3e-05
Bella Klein,"Pritzker, Tom",0.818331,0.142857,0.54717,0.00618
Bella Klein,Ramsey Elkholy,0.60891,0.083333,0.584906,0.0025
Bella Klein,Richard Joslin,0.814341,0.296296,0.641509,0.00591
Bella Klein,Richard Kahn,0.873315,0.525,0.641509,0.057543
Bella Klein,Steve Hanson,0.856785,0.259259,0.622642,0.006987
Bella Klein,Stewart Oldfield,0.787606,0.333333,0.660377,0.005049
Bella Klein,Sultan Bin Sulayem,0.889536,0.133333,0.509434,0.005994
Bella Klein,Tazia Smith,0.705057,0.32,0.679245,0.003895
Bella Klein,Vahe Stepanian,0.744717,0.296296,0.641509,0.003966
Bella Klein,Valeria Chomsky,0.70208,0.24,0.641509,0.00361
Boris Nikolic,Brad Wechsler,0.767915,0.2,0.698113,0.015791
Boris Nikolic,Brice Gordon,0.763643,0.217391,0.660377,0.027117
Boris Nikolic,Cecile de Jongh,0.834823,0.208333,0.641509,0.023332
Boris Nikolic,Daphne Wallace,0.858955,0.28,0.660377,0.019746
Boris Nikolic,Darren Indyke,0.815919,0.194444,0.45283,0.017719
Boris Nikolic,David Mitchell,0.842266,0.315789,0.754717,0.020424
Boris Nikolic,David Stern,0.841563,0.277778,0.754717,0.022675
Boris Nikolic,Deepak Chopra,0.707537,0.166667,0.716981,0.014044
Boris Nikolic,Ehud Barak,0.798231,0.277778,0.754717,0.002908
Boris Nikolic,Eileen Alexanderson,0.72543,0.235294,0.754717,0.015621
Boris Nikolic,Emad Hanna,0.78391,0.190476,0.679245,0.012203
Boris Nikolic,Eric Roth,0.706683,0.333333,0.811321,0.023063
Boris Nikolic,Eva Dubin,0.800484,0.277778,0.754717,0.020822
Boris Nikolic,Faith Kates,0.754294,0.266667,0.792453,0.02086
Boris Nikolic,"Farkas, Andrew L.",0.772064,0.166667,0.716981,0.022879
Boris Nikolic,Gary Kerney,0.739997,0.210526,0.716981,0.019301
Boris Nikolic,Ghislaine Maxwell,0.886354,0.2,0.698113,0.016478
Boris Nikolic,Ian Osborne,0.693944,0.25,0.773585,0.013923
Boris Nikolic,Jean Luc Brunel,0.804492,0.3125,0.792453,0.015839
Boris Nikolic,Jeffrey Epstein,0.609237,0.245283,0.245283,0.32519
Boris Nikolic,Jes Staley,0.88668,0.235294,0.754717,0.015029
Boris Nikolic,Joi Ito,0.861159,0.315789,0.754717,0.021299
Boris Nikolic,Juan Pablo Molyneux,0.682081,0.142857,0.773585,0.000434
Boris Nikolic,Karyna Shuliak,0.894435,0.242424,0.528302,0.053529
Boris Nikolic,Kathy Ruemmler,0.945043,0.315789,0.754717,0.02814
Boris Nikolic,Larry Summers,0.675379,0.2,0.773585,0.010247
Boris Nikolic,Larry Visoski,0.909627,0.208333,0.641509,0.044581
Boris Nikolic,Lawrence Krauss,0.748779,0.2,0.698113,0.016932
Boris Nikolic,Lesley Groff,0.702623,0.25,0.264151,0.22719
Boris Nikolic,Melanie Spinella,0.748591,0.111111,0.698113,0.024931
Boris Nikolic,Michael Wolff,0.717547,0.333333,0.811321,0.014898
Boris Nikolic,Natalia Molotkova,0.742202,0.235294,0.754717,0.003767
Boris Nikolic,Nicole Junkermann,0.736395,0.235294,0.754717,0.017004
Boris Nikolic,Noam Chomsky,0.706732,0.25,0.773585,0.013829
Boris Nikolic,"Nowak, Martin",0.731495,0.3125,0.792453,0.009403
Boris Nikolic,Paul Morris,0.739508,0.227273,0.679245,0.011692
Boris Nikolic,Peggy Siegal,0.70906,0.266667,0.792453,0.02179
Boris Nikolic,Peter Mandelson,0.694797,0.1875,0.754717,0.007929
Boris Nikolic,Petra Nemcova,0.067774,0.071429,0.754717,0.000149
Boris Nikolic,"Pritzker, Tom",0.845343,0.294118,0.773585,0.018432
Boris Nikolic,Ramsey Elkholy,0.631331,0.142857,0.773585,0.007621
Boris Nikolic,Richard Joslin,0.795783,0.190476,0.679245,0.017519
Boris Nikolic,Richard Kahn,0.845558,0.186047,0.339623,0.122861
Boris Nikolic,Steve Hanson,0.852298,0.263158,0.735849,0.020348
Boris Nikolic,Stewart Oldfield,0.739038,0.238095,0.698113,0.005305
Boris Nikolic,Sultan Bin Sulayem,0.866452,0.333333,0.773585,0.017744
Boris Nikolic,Tazia Smith,0.67666,0.277778,0.754717,0.011192
Boris Nikolic,Vahe Stepanian,0.693433,0.25,0.716981,0.007267
Boris Nikolic,Valeria Chomsky,0.691729,0.235294,0.754717,0.010456
Brad Wechsler,Brice Gordon,0.99081,0.263158,0.735849,0.005916
Brad Wechsler,Cecile de Jongh,0.979836,0.190476,0.679245,0.005046
Brad Wechsler,Daphne Wallace,0.924412,0.217391,0.660377,0.004246
Brad Wechsler,Darren Indyke,0.491475,0.258065,0.566038,0.003622
Brad Wechsler,David Mitchell,0.985549,0.3125,0.792453,0.004461
Brad Wechsler,David Stern,0.988601,0.117647,0.716981,0.004999
Brad Wechsler,Deepak Chopra,0.994009,0.214286,0.792453,0.003002
Brad Wechsler,Ehud Barak,0.971527,0.117647,0.716981,0.000646
Brad Wechsler,Eileen Alexanderson,0.995439,0.545455,0.90566,0.003534
Brad Wechsler,Emad Hanna,0.99295,0.235294,0.754717,0.002628
Brad Wechsler,Eric Roth,0.987808,0.333333,0.849057,0.004898
Brad Wechsler,Eva Dubin,0.997825,0.1875,0.754717,0.004545
Brad Wechsler,Faith Kates,0.989538,0.25,0.830189,0.004469
Brad Wechsler,"Farkas, Andrew L.",0.99458,0.214286,0.792453,0.00486
Brad Wechsler,Gary Kerney,0.997776,0.266667,0.792453,0.0041
Brad Wechsler,Ghislaine Maxwell,0.87483,0.333333,0.811321,0.003493
Brad Wechsler,Ian Osborne,0.990919,0.142857,0.773585,0.002981
Brad Wechsler,Jean Luc Brunel,0.976336,0.307692,0.830189,0.003411
Brad Wechsler,Jeffrey Epstein,0.27787,0.169811,0.169811,0.070373
Brad Wechsler,Jes Staley,0.916849,0.214286,0.792453,0.003107
Brad Wechsler,Joi Ito,0.9822,0.166667,0.716981,0.004567
Brad Wechsler,Juan Pablo Molyneux,0.969341,0.2,0.849057,8.4e-05
Brad Wechsler,Karyna Shuliak,0.684405,0.233333,0.566038,0.011565
Brad Wechsler,Kathy Ruemmler,0.80302,0.235294,0.754717,0.005902
Brad Wechsler,Larry Summers,0.983744,0.166667,0.811321,0.002135
Brad Wechsler,Larry Visoski,0.953873,0.25,0.716981,0.009738
Brad Wechsler,Lawrence Krauss,0.997413,0.25,0.773585,0.003717
Brad Wechsler,Lesley Groff,0.377559,0.173077,0.188679,0.050466
Brad Wechsler,Melanie Spinella,0.985068,0.333333,0.849057,0.005842
Brad Wechsler,Michael Wolff,0.993662,0.230769,0.811321,0.003171
Brad Wechsler,Natalia Molotkova,0.980034,0.214286,0.792453,0.000834
Brad Wechsler,Nicole Junkermann,0.995834,0.214286,0.792453,0.003569
Brad Wechsler,Noam Chomsky,0.991532,0.230769,0.811321,0.002893
Brad Wechsler,"Nowak, Martin",0.993208,0.214286,0.792453,0.00205
Brad Wechsler,Paul Morris,0.992039,0.4375,0.830189,0.0027
Brad Wechsler,Peggy Siegal,0.98658,0.25,0.830189,0.00463
Brad Wechsler,Peter Mandelson,0.991166,0.153846,0.792453,0.001716
Brad Wechsler,Petra Nemcova,0.015298,0.1,0.830189,3e-05
Brad Wechsler,"Pritzker, Tom",0.981265,0.125,0.735849,0.003908
Brad Wechsler,Ramsey Elkholy,0.970078,0.2,0.849057,0.001664
Brad Wechsler,Richard Joslin,0.997446,0.75,0.943396,0.007054
Brad Wechsler,Richard Kahn,0.499813,0.205128,0.415094,0.026993
Brad Wechsler,Steve Hanson,0.987663,0.176471,0.735849,0.004329
Brad Wechsler,Stewart Oldfield,0.996772,0.466667,0.849057,0.00112
Brad Wechsler,Sultan Bin Sulayem,0.976824,0.111111,0.698113,0.003818
Brad Wechsler,Tazia Smith,0.990566,0.583333,0.90566,0.002512
Brad Wechsler,Vahe Stepanian,0.992639,0.5,0.867925,0.001663
Brad Wechsler,Valeria Chomsky,0.992291,0.214286,0.792453,0.002226
Brice Gordon,Cecile de Jongh,0.98677,0.611111,0.867925,0.008522
Brice Gordon,Daphne Wallace,0.946212,0.52381,0.811321,0.008546
Brice Gordon,Darren Indyke,0.479636,0.433333,0.679245,0.007444
Brice Gordon,David Mitchell,0.977389,0.315789,0.754717,0.007141
Brice Gordon,David Stern,0.978581,0.210526,0.716981,0.007753
Brice Gordon,Deepak Chopra,0.983189,0.235294,0.754717,0.00514
Brice Gordon,Ehud Barak,0.949913,0.095238,0.641509,0.000964
Brice Gordon,Eileen Alexanderson,0.978667,0.235294,0.754717,0.005735
Brice Gordon,Emad Hanna,0.973668,0.666667,0.90566,0.004613
Brice Gordon,Eric Roth,0.971794,0.428571,0.849057,0.008569
Brice Gordon,Eva Dubin,0.988187,0.277778,0.754717,0.007221
Brice Gordon,Faith Kates,0.962876,0.266667,0.792453,0.007603
Brice Gordon,"Farkas, Andrew L.",0.987652,0.235294,0.754717,0.008486
Brice Gordon,Gary Kerney,0.985997,0.533333,0.867925,0.007976
Brice Gordon,Ghislaine Maxwell,0.833885,0.411765,0.811321,0.006142
Brice Gordon,Ian Osborne,0.976735,0.111111,0.698113,0.004915
Brice Gordon,Jean Luc Brunel,0.942531,0.3125,0.792453,0.005696
Brice Gordon,Jeffrey Epstein,0.348162,0.245283,0.245283,0.115967
Brice Gordon,Jes Staley,0.876913,0.166667,0.716981,0.005865
Brice Gordon,Joi Ito,0.977522,0.25,0.716981,0.007733
Brice Gordon,Juan Pablo Molyneux,0.929796,0.142857,0.773585,0.000191
Brice Gordon,Karyna Shuliak,0.727837,0.322581,0.603774,0.019692
Brice Gordon,Kathy Ruemmler,0.770122,0.315789,0.754717,0.010708
Brice Gordon,Larry Summers,0.96327,0.125,0.735849,0.003948
Brice Gordon,Larry Visoski,0.958589,0.611111,0.867925,0.016324
Brice Gordon,Lawrence Krauss,0.996784,0.333333,0.773585,0.005846
Brice Gordon,Lesley Groff,0.45861,0.25,0.264151,0.075408
Brice Gordon,Melanie Spinella,0.974486,0.176471,0.735849,0.009641
Brice Gordon,Michael Wolff,0.983779,0.176471,0.735849,0.005501
Brice Gordon,Natalia Molotkova,0.946676,0.5,0.867925,0.00126
Brice Gordon,Nicole Junkermann,0.988104,0.166667,0.716981,0.006197
Brice Gordon,Noam Chomsky,0.978439,0.176471,0.735849,0.005294
Brice Gordon,"Nowak, Martin",0.970126,0.3125,0.792453,0.003293
Brice Gordon,Paul Morris,0.998014,0.421053,0.792453,0.004271
Brice Gordon,Peggy Siegal,0.968835,0.266667,0.792453,0.008074
Brice Gordon,Peter Mandelson,0.971428,0.1875,0.754717,0.002826
Brice Gordon,Petra Nemcova,0.033567,0.071429,0.754717,6e-05
Brice Gordon,"Pritzker, Tom",0.957865,0.157895,0.698113,0.006731
Brice Gordon,Ramsey Elkholy,0.941955,0.142857,0.773585,0.002662
Brice Gordon,Richard Joslin,0.988401,0.315789,0.754717,0.006281
Brice Gordon,Richard Kahn,0.560965,0.342105,0.528302,0.046286
Brice Gordon,Steve Hanson,0.984677,0.2,0.698113,0.007517
Brice Gordon,Stewart Oldfield,0.992236,0.3,0.735849,0.002196
Brice Gordon,Sultan Bin Sulayem,0.975719,0.142857,0.660377,0.006406
Brice Gordon,Tazia Smith,0.979063,0.4375,0.830189,0.003735
Brice Gordon,Vahe Stepanian,0.988777,0.388889,0.792453,0.002543
Brice Gordon,Valeria Chomsky,0.97991,0.3125,0.792453,0.00386
Cecile de Jongh,Daphne Wallace,0.981679,0.5,0.792453,0.007504
Cecile de Jongh,Darren Indyke,0.615288,0.375,0.622642,0.006391
Cecile de Jongh,David Mitchell,0.993671,0.368421,0.773585,0.006277
Cecile de Jongh,David Stern,0.991523,0.263158,0.735849,0.00687
Cecile de Jongh,Deepak Chopra,0.955033,0.294118,0.773585,0.004428
Cecile de Jongh,Ehud Barak,0.971398,0.090909,0.622642,0.000864
Cecile de Jongh,Eileen Alexanderson,0.956555,0.222222,0.735849,0.004936
Cecile de Jongh,Emad Hanna,0.976852,0.529412,0.849057,0.003828
Cecile de Jongh,Eric Roth,0.939346,0.4,0.830189,0.007333
Cecile de Jongh,Eva Dubin,0.987469,0.263158,0.735849,0.006354
Cecile de Jongh,Faith Kates,0.947579,0.25,0.773585,0.00656
Cecile de Jongh,"Farkas, Andrew L.",0.96773,0.157895,0.698113,0.007288
Cecile de Jongh,Gary Kerney,0.965323,0.411765,0.811321,0.006209
Cecile de Jongh,Ghislaine Maxwell,0.895744,0.470588,0.830189,0.005246
Cecile de Jongh,Ian Osborne,0.945886,0.105263,0.679245,0.00428
Cecile de Jongh,Jean Luc Brunel,0.952791,0.294118,0.773585,0.004939
Cecile de Jongh,Jeffrey Epstein,0.391681,0.264151,0.264151,0.100929
Cecile de Jongh,Jes Staley,0.921402,0.157895,0.698113,0.004919
Cecile de Jongh,Joi Ito,0.993313,0.3,0.735849,0.006682
Cecile de Jongh,Juan Pablo Molyneux,0.912274,0.133333,0.754717,0.000153
Cecile de Jongh,Karyna Shuliak,0.812433,0.3125,0.584906,0.017025
Cecile de Jongh,Kathy Ruemmler,0.852238,0.3,0.735849,0.00908
Cecile de Jongh,Larry Summers,0.928538,0.117647,0.716981,0.003331
Cecile de Jongh,Larry Visoski,0.987503,0.5,0.811321,0.013962
Cecile de Jongh,Lawrence Krauss,0.982812,0.315789,0.754717,0.00546
Cecile de Jongh,Lesley Groff,0.538453,0.269231,0.283019,0.068884
Cecile de Jongh,Melanie Spinella,0.944941,0.166667,0.716981,0.008151
Cecile de Jongh,Michael Wolff,0.955337,0.166667,0.716981,0.004723
Cecile de Jongh,Natalia Molotkova,0.945927,0.466667,0.849057,0.001146
Cecile de Jongh,Nicole Junkermann,0.963416,0.157895,0.698113,0.005316
Cecile de Jongh,Noam Chomsky,0.947999,0.235294,0.754717,0.004478
Cecile de Jongh,"Nowak, Martin",0.957773,0.294118,0.773585,0.002903
Cecile de Jongh,Paul Morris,0.983219,0.272727,0.698113,0.003702
Cecile de Jongh,Peggy Siegal,0.936603,0.25,0.773585,0.006922
Cecile de Jongh,Peter Mandelson,0.946231,0.111111,0.698113,0.00246
Cecile de Jongh,Petra Nemcova,0.030649,0.066667,0.735849,5e-05
Cecile de Jongh,"Pritzker, Tom",0.973803,0.15,0.679245,0.005786
Cecile de Jongh,Ramsey Elkholy,0.902916,0.133333,0.754717,0.002337
Cecile de Jongh,Richard Joslin,0.987874,0.238095,0.698113,0.005457
Cecile de Jongh,Richard Kahn,0.645117,0.368421,0.54717,0.039691
Cecile de Jongh,Steve Hanson,0.994282,0.190476,0.679245,0.006452
Cecile de Jongh,Stewart Oldfield,0.980309,0.35,0.754717,0.001815
Cecile de Jongh,Sultan Bin Sulayem,0.996235,0.190476,0.679245,0.005548
Cecile de Jongh,Tazia Smith,0.950122,0.333333,0.773585,0.003347
Cecile de Jongh,Vahe Stepanian,0.964784,0.3,0.735849,0.002239
Cecile de Jongh,Valeria Chomsky,0.950349,0.375,0.811321,0.003315
Daphne Wallace,Darren Indyke,0.708601,0.382353,0.603774,0.005435
Daphne Wallace,David Mitchell,0.96406,0.26087,0.679245,0.005421
Daphne Wallace,David Stern,0.956587,0.173913,0.641509,0.00593
Daphne Wallace,Deepak Chopra,0.882795,0.190476,0.679245,0.003756
Daphne Wallace,Ehud Barak,0.936031,0.173913,0.641509,0.000751
Daphne Wallace,Eileen Alexanderson,0.884592,0.25,0.716981,0.004185
Daphne Wallace,Emad Hanna,0.925649,0.45,0.792453,0.003519
Daphne Wallace,Eric Roth,0.857968,0.333333,0.773585,0.006194
Daphne Wallace,Eva Dubin,0.940881,0.227273,0.679245,0.005467
Daphne Wallace,Faith Kates,0.872015,0.210526,0.716981,0.005566
Daphne Wallace,"Farkas, Andrew L.",0.905004,0.190476,0.679245,0.006131
Daphne Wallace,Gary Kerney,0.898639,0.35,0.754717,0.005639
Daphne Wallace,Ghislaine Maxwell,0.881182,0.4,0.773585,0.004418
Daphne Wallace,Ian Osborne,0.868089,0.090909,0.622642,0.003655
Daphne Wallace,Jean Luc Brunel,0.894534,0.190476,0.679245,0.004222
Daphne Wallace,Jeffrey Epstein,0.483471,0.320755,0.320755,0.086003
Daphne Wallace,Jes Staley,0.889344,0.136364,0.641509,0.004088
Daphne Wallace,Joi Ito,0.964638,0.16,0.603774,0.005685
Daphne Wallace,Juan Pablo Molyneux,0.825948,0.111111,0.698113,0.000123
Daphne Wallace,Karyna Shuliak,0.901079,0.40625,0.641509,0.0188
Daphne Wallace,Kathy Ruemmler,0.863629,0.318182,0.716981,0.007617
Daphne Wallace,Larry Summers,0.842261,0.157895,0.698113,0.002783
Daphne Wallace,Larry Visoski,0.980284,0.5,0.792453,0.012402
Daphne Wallace,Lawrence Krauss,0.932843,0.333333,0.735849,0.004451
Daphne Wallace,Lesley Groff,0.668668,0.326923,0.339623,0.064086
Daphne Wallace,Melanie Spinella,0.869888,0.2,0.698113,0.006902
Daphne Wallace,Michael Wolff,0.883458,0.142857,0.660377,0.003998
Daphne Wallace,Natalia Molotkova,0.879706,0.315789,0.754717,0.001072
Daphne Wallace,Nicole Junkermann,0.896316,0.190476,0.679245,0.004488
Daphne Wallace,Noam Chomsky,0.871696,0.2,0.698113,0.003752
Daphne Wallace,"Nowak, Martin",0.889561,0.315789,0.754717,0.002495
Daphne Wallace,Paul Morris,0.939439,0.291667,0.679245,0.003215
Daphne Wallace,Peggy Siegal,0.853729,0.210526,0.716981,0.005858
Daphne Wallace,Peter Mandelson,0.869605,0.095238,0.641509,0.002097
Daphne Wallace,Petra Nemcova,0.036335,0.055556,0.679245,4.1e-05
Daphne Wallace,"Pritzker, Tom",0.929587,0.238095,0.698113,0.004891
Daphne Wallace,Ramsey Elkholy,0.807047,0.111111,0.698113,0.002004
Daphne Wallace,Richard Joslin,0.941643,0.16,0.603774,0.004714
Daphne Wallace,Richard Kahn,0.752603,0.410256,0.566038,0.036496
Daphne Wallace,Steve Hanson,0.96177,0.217391,0.660377,0.005469
Daphne Wallace,Stewart Oldfield,0.929872,0.363636,0.735849,0.001596
Daphne Wallace,Sultan Bin Sulayem,0.975999,0.166667,0.622642,0.004718
Daphne Wallace,Tazia Smith,0.877905,0.285714,0.716981,0.002958
Daphne Wallace,Vahe Stepanian,0.904518,0.318182,0.716981,0.002006
Daphne Wallace,Valeria Chomsky,0.876073,0.190476,0.679245,0.002823
Darren Indyke,David Mitchell,0.630665,0.176471,0.471698,0.005525
Darren Indyke,David Stern,0.614302,0.225806,0.54717,0.006181
Darren Indyke,Deepak Chopra,0.394916,0.16129,0.509434,0.003401
Darren Indyke,Ehud Barak,0.644961,0.151515,0.471698,0.000825
Darren Indyke,Eileen Alexanderson,0.426581,0.16129,0.509434,0.003796
Darren Indyke,Emad Hanna,0.560091,0.333333,0.622642,0.003058
Darren Indyke,Eric Roth,0.367937,0.166667,0.528302,0.005432
Darren Indyke,Eva Dubin,0.545379,0.225806,0.54717,0.005508
Darren Indyke,Faith Kates,0.458132,0.133333,0.509434,0.005074
Darren Indyke,"Farkas, Andrew L.",0.442565,0.16129,0.509434,0.005351
Darren Indyke,Gary Kerney,0.437441,0.266667,0.584906,0.004563
Darren Indyke,Ghislaine Maxwell,0.805867,0.258065,0.566038,0.003814
Darren Indyke,Ian Osborne,0.377828,0.129032,0.490566,0.003503
Darren Indyke,Jean Luc Brunel,0.585837,0.16129,0.509434,0.003941
Darren Indyke,Jeffrey Epstein,0.433279,0.528302,0.528302,0.082017
Darren Indyke,Jes Staley,0.737033,0.090909,0.433962,0.003114
Darren Indyke,Joi Ito,0.628699,0.176471,0.471698,0.00522
Darren Indyke,Juan Pablo Molyneux,0.428797,0.068966,0.490566,6.1e-05
Darren Indyke,Karyna Shuliak,0.850546,0.435897,0.584906,0.014397
Darren Indyke,Kathy Ruemmler,0.880318,0.176471,0.471698,0.006278
Darren Indyke,Larry Summers,0.350957,0.1,0.490566,0.002213
Darren Indyke,Larry Visoski,0.687986,0.375,0.622642,0.016223
Darren Indyke,Lawrence Krauss,0.475678,0.147059,0.45283,0.004573
Darren Indyke,Lesley Groff,0.669422,0.538462,0.54717,0.079136
Darren Indyke,Melanie Spinella,0.385542,0.206897,0.566038,0.005673
Darren Indyke,Michael Wolff,0.393925,0.09375,0.45283,0.003554
Darren Indyke,Natalia Molotkova,0.526923,0.241379,0.584906,0.001302
Darren Indyke,Nicole Junkermann,0.416325,0.090909,0.433962,0.003962
Darren Indyke,Noam Chomsky,0.381198,0.129032,0.490566,0.003039
Darren Indyke,"Nowak, Martin",0.475075,0.2,0.54717,0.002511
Darren Indyke,Paul Morris,0.470983,0.4,0.660377,0.003489
Darren Indyke,Peggy Siegal,0.368108,0.133333,0.509434,0.005164
Darren Indyke,Peter Mandelson,0.405776,0.172414,0.54717,0.002004
Darren Indyke,Petra Nemcova,0.00867,0.034483,0.471698,2.8e-05
Darren Indyke,"Pritzker, Tom",0.622728,0.121212,0.45283,0.004354
Darren Indyke,Ramsey Elkholy,0.317143,0.068966,0.490566,0.002
Darren Indyke,Richard Joslin,0.546571,0.290323,0.584906,0.004433
Darren Indyke,Richard Kahn,0.757424,0.609756,0.698113,0.036217
Darren Indyke,Steve Hanson,0.598909,0.258065,0.566038,0.004843
Darren Indyke,Stewart Oldfield,0.485575,0.366667,0.641509,0.00186
Darren Indyke,Sultan Bin Sulayem,0.651599,0.114286,0.415094,0.004393
Darren Indyke,Tazia Smith,0.387647,0.266667,0.584906,0.003389
Darren Indyke,Vahe Stepanian,0.418134,0.333333,0.622642,0.003415
Darren Indyke,Valeria Chomsky,0.385697,0.2,0.54717,0.002507
David Mitchell,David Stern,0.999421,0.333333,0.811321,0.005841
David Mitchell,Deepak Chopra,0.961309,0.384615,0.849057,0.003876
David Mitchell,Ehud Barak,0.988729,0.111111,0.698113,0.00072
David Mitchell,Eileen Alexanderson,0.967992,0.285714,0.811321,0.004327
David Mitchell,Emad Hanna,0.991523,0.294118,0.773585,0.003307
David Mitchell,Eric Roth,0.949897,0.416667,0.867925,0.006457
David Mitchell,Eva Dubin,0.99418,0.25,0.773585,0.005415
David Mitchell,Faith Kates,0.967728,0.454545,0.886792,0.005725
David Mitchell,"Farkas, Andrew L.",0.971444,0.285714,0.811321,0.006447
David Mitchell,Gary Kerney,0.972776,0.25,0.773585,0.005394
David Mitchell,Ghislaine Maxwell,0.931378,0.4,0.830189,0.004626
David Mitchell,Ian Osborne,0.954907,0.133333,0.754717,0.003697
David Mitchell,Jean Luc Brunel,0.980007,0.384615,0.849057,0.004283
David Mitchell,Jeffrey Epstein,0.340438,0.188679,0.188679,0.08709
David Mitchell,Jes Staley,0.955503,0.384615,0.849057,0.004438
David Mitchell,Joi Ito,0.997048,0.222222,0.735849,0.005823
David Mitchell,Juan Pablo Molyneux,0.942503,0.181818,0.830189,0.000145
David Mitchell,Karyna Shuliak,0.7803,0.266667,0.584906,0.014488
David Mitchell,Kathy Ruemmler,0.882671,0.375,0.811321,0.008098
David Mitchell,Larry Summers,0.942395,0.153846,0.792453,0.002989
David Mitchell,Larry Visoski,0.984524,0.3,0.735849,0.011779
David Mitchell,Lawrence Krauss,0.981367,0.3125,0.792453,0.004386
David Mitchell,Lesley Groff,0.477063,0.192308,0.207547,0.059309
David Mitchell,Melanie Spinella,0.951321,0.133333,0.754717,0.007372
David Mitchell,Michael Wolff,0.960868,0.307692,0.830189,0.004152
David Mitchell,Natalia Molotkova,0.971901,0.384615,0.849057,0.00099
David Mitchell,Nicole Junkermann,0.967434,0.285714,0.811321,0.00467
David Mitchell,Noam Chomsky,0.956078,0.214286,0.792453,0.004003
David Mitchell,"Nowak, Martin",0.974772,0.285714,0.811321,0.002482
David Mitchell,Paul Morris,0.976278,0.333333,0.773585,0.003388
David Mitchell,Peggy Siegal,0.948614,0.333333,0.849057,0.006097
David Mitchell,Peter Mandelson,0.959844,0.142857,0.773585,0.002133
David Mitchell,Petra Nemcova,0.029079,0.090909,0.811321,4.6e-05
David Mitchell,"Pritzker, Tom",0.992714,0.1875,0.754717,0.005067
David Mitchell,Ramsey Elkholy,0.922842,0.181818,0.830189,0.001997
David Mitchell,Richard Joslin,0.99419,0.294118,0.773585,0.00472
David Mitchell,Richard Kahn,0.599844,0.2,0.396226,0.03428
David Mitchell,Steve Hanson,0.996197,0.235294,0.754717,0.00614
David Mitchell,Stewart Oldfield,0.981997,0.4375,0.830189,0.001625
David Mitchell,Sultan Bin Sulayem,0.997092,0.3125,0.792453,0.00482
David Mitchell,Tazia Smith,0.957046,0.538462,0.886792,0.002789
David Mitchell,Vahe Stepanian,0.965512,0.466667,0.849057,0.001895
David Mitchell,Valeria Chomsky,0.957775,0.285714,0.811321,0.002916
David Stern,Deepak Chopra,0.966825,0.230769,0.811321,0.004389
David Stern,Ehud Barak,0.987116,0.285714,0.811321,0.000762
David Stern,Eileen Alexanderson,0.973456,0.142857,0.773585,0.004797
David Stern,Emad Hanna,0.993192,0.176471,0.735849,0.003641
David Stern,Eric Roth,0.957605,0.25,0.830189,0.007207
David Stern,Eva Dubin,0.996131,0.2,0.773585,0.005859
David Stern,Faith Kates,0.974411,0.272727,0.849057,0.006333
David Stern,"Farkas, Andrew L.",0.977099,0.230769,0.811321,0.007169
David Stern,Gary Kerney,0.977717,0.125,0.735849,0.006022
David Stern,Ghislaine Maxwell,0.929104,0.117647,0.716981,0.005174
David Stern,Ian Osborne,0.961216,0.153846,0.792453,0.004047
David Stern,Jean Luc Brunel,0.983501,0.142857,0.773585,0.004713
David Stern,Jeffrey Epstein,0.33735,0.150943,0.150943,0.095487
David Stern,Jes Staley,0.956405,0.142857,0.773585,0.005122
David Stern,Joi Ito,0.997213,0.176471,0.735849,0.006432
David Stern,Juan Pablo Molyneux,0.948969,0.222222,0.867925,0.000174
David Stern,Karyna Shuliak,0.766664,0.125,0.471698,0.015931
David Stern,Kathy Ruemmler,0.879017,0.25,0.773585,0.009128
David Stern,Larry Summers,0.949993,0.181818,0.830189,0.003386
David Stern,Larry Visoski,0.983039,0.2,0.698113,0.012632
David Stern,Lawrence Krauss,0.983271,0.266667,0.792453,0.004724
David Stern,Lesley Groff,0.462333,0.153846,0.169811,0.059487
David Stern,Melanie Spinella,0.959435,0.153846,0.792453,0.008285
David Stern,Michael Wolff,0.966784,0.153846,0.792453,0.004616
David Stern,Natalia Molotkova,0.975244,0.333333,0.849057,0.000998
David Stern,Nicole Junkermann,0.972828,0.142857,0.773585,0.005218
David Stern,Noam Chomsky,0.962587,0.153846,0.792453,0.004522
David Stern,"Nowak, Martin",0.978839,0.230769,0.811321,0.002684
David Stern,Paul Morris,0.977127,0.294118,0.773585,0.003539
David Stern,Peggy Siegal,0.956675,0.272727,0.849057,0.006788
David Stern,Peter Mandelson,0.965327,0.4,0.886792,0.002326
David Stern,Petra Nemcova,0.038078,0.111111,0.849057,5.3e-05
David Stern,"Pritzker, Tom",0.994758,0.214286,0.792453,0.005635
David Stern,Ramsey Elkholy,0.931255,0.222222,0.867925,0.002166
David Stern,Richard Joslin,0.995865,0.111111,0.698113,0.005175
David Stern,Richard Kahn,0.588646,0.179487,0.396226,0.036242
David Stern,Steve Hanson,0.997106,0.266667,0.792453,0.006309
David Stern,Stewart Oldfield,0.983335,0.235294,0.754717,0.001786
David Stern,Sultan Bin Sulayem,0.995779,0.357143,0.830189,0.005311
David Stern,Tazia Smith,0.96172,0.285714,0.811321,0.002923
David Stern,Vahe Stepanian,0.968263,0.25,0.773585,0.001995
David Stern,Valeria Chomsky,0.963213,0.230769,0.811321,0.003239
Deepak Chopra,Ehud Barak,0.946935,0.230769,0.811321,0.000548
Deepak Chopra,Eileen Alexanderson,0.998366,0.272727,0.849057,0.002969
Deepak Chopra,Emad Hanna,0.979602,0.285714,0.811321,0.002316
Deepak Chopra,Eric Roth,0.997468,0.3,0.867925,0.004383
Deepak Chopra,Eva Dubin,0.985062,0.230769,0.811321,0.003935
Deepak Chopra,Faith Kates,0.989578,0.5,0.924528,0.003961
Deepak Chopra,"Farkas, Andrew L.",0.993905,0.555556,0.924528,0.004348
Deepak Chopra,Gary Kerney,0.998755,0.230769,0.811321,0.003667
Deepak Chopra,Ghislaine Maxwell,0.827409,0.214286,0.792453,0.003131
Deepak Chopra,Ian Osborne,0.999395,0.181818,0.830189,0.002615
Deepak Chopra,Jean Luc Brunel,0.960879,0.272727,0.849057,0.003004
Deepak Chopra,Jeffrey Epstein,0.226734,0.113208,0.113208,0.061673
Deepak Chopra,Jes Staley,0.880074,0.272727,0.849057,0.00286
Deepak Chopra,Joi Ito,0.957533,0.285714,0.811321,0.004043
Deepak Chopra,Juan Pablo Molyneux,0.973954,0.285714,0.90566,8.3e-05
Deepak Chopra,Karyna Shuliak,0.608688,0.172414,0.54717,0.010173
Deepak Chopra,Kathy Ruemmler,0.741054,0.384615,0.849057,0.005356
Deepak Chopra,Larry Summers,0.995996,0.222222,0.867925,0.001951
Deepak Chopra,Larry Visoski,0.918706,0.222222,0.735849,0.008476
Deepak Chopra,Lawrence Krauss,0.992129,0.307692,0.830189,0.003249
Deepak Chopra,Lesley Groff,0.302037,0.115385,0.132075,0.043715
Deepak Chopra,Melanie Spinella,0.991428,0.181818,0.830189,0.004767
Deepak Chopra,Michael Wolff,0.999545,0.181818,0.830189,0.002832
Deepak Chopra,Natalia Molotkova,0.972169,0.4,0.886792,0.000725
Deepak Chopra,Nicole Junkermann,0.998746,0.272727,0.849057,0.003186
Deepak Chopra,Noam Chomsky,0.999326,0.444444,0.90566,0.002632
Deepak Chopra,"Nowak, Martin",0.990996,0.4,0.886792,0.001785
Deepak Chopra,Paul Morris,0.986051,0.25,0.773585,0.002231
Deepak Chopra,Peggy Siegal,0.996385,0.5,0.924528,0.004143
Deepak Chopra,Peter Mandelson,0.996968,0.2,0.849057,0.001504
Deepak Chopra,Petra Nemcova,0.014149,0.142857,0.886792,2.8e-05
Deepak Chopra,"Pritzker, Tom",0.959878,0.25,0.830189,0.003478
Deepak Chopra,Ramsey Elkholy,0.986985,0.285714,0.90566,0.001444
Deepak Chopra,Richard Joslin,0.984518,0.2,0.773585,0.003324
Deepak Chopra,Richard Kahn,0.422719,0.1,0.320755,0.023371
Deepak Chopra,Steve Hanson,0.966657,0.307692,0.830189,0.003867
Deepak Chopra,Stewart Oldfield,0.990729,0.266667,0.792453,0.001014
Deepak Chopra,Sultan Bin Sulayem,0.948478,0.214286,0.792453,0.003409
Deepak Chopra,Tazia Smith,0.997509,0.333333,0.849057,0.002118
Deepak Chopra,Vahe Stepanian,0.994728,0.285714,0.811321,0.001378
Deepak Chopra,Valeria Chomsky,0.999575,0.4,0.886792,0.001988
Ehud Barak,Eileen Alexanderson,0.957796,0.142857,0.773585,0.000613
Ehud Barak,Emad Hanna,0.991634,0.111111,0.698113,0.00046
Ehud Barak,Eric Roth,0.933521,0.153846,0.792453,0.000927
Ehud Barak,Eva Dubin,0.980712,0.2,0.773585,0.000724
Ehud Barak,Faith Kates,0.961393,0.166667,0.811321,0.000806
Ehud Barak,"Farkas, Andrew L.",0.945488,0.230769,0.811321,0.000918
Ehud Barak,Gary Kerney,0.95807,0.125,0.735849,0.000774
Ehud Barak,Ghislaine Maxwell,0.949102,0.117647,0.716981,0.000667
Ehud Barak,Ian Osborne,0.94342,0.25,0.830189,0.000509
Ehud Barak,Jean Luc Brunel,0.986699,0.230769,0.811321,0.000595
Ehud Barak,Jeffrey Epstein,0.230712,0.150943,0.150943,0.012003
Ehud Barak,Jes Staley,0.965206,0.230769,0.811321,0.000674
Ehud Barak,Joi Ito,0.979714,0.25,0.773585,0.000822
Ehud Barak,Juan Pablo Molyneux,0.955837,0.222222,0.867925,2.4e-05
Ehud Barak,Karyna Shuliak,0.729946,0.16129,0.509434,0.001978
Ehud Barak,Kathy Ruemmler,0.88594,0.25,0.773585,0.00119
Ehud Barak,Larry Summers,0.93339,0.3,0.867925,0.000444
Ehud Barak,Larry Visoski,0.953964,0.142857,0.660377,0.001565
Ehud Barak,Lawrence Krauss,0.96422,0.1875,0.754717,0.000581
Ehud Barak,Lesley Groff,0.386971,0.153846,0.169811,0.007128
Ehud Barak,Melanie Spinella,0.923269,0.153846,0.792453,0.001089
Ehud Barak,Michael Wolff,0.942611,0.153846,0.792453,0.000592
Ehud Barak,Natalia Molotkova,0.984381,0.142857,0.773585,0.00012
Ehud Barak,Nicole Junkermann,0.947476,0.333333,0.849057,0.000713
Ehud Barak,Noam Chomsky,0.940193,0.153846,0.792453,0.000601
Ehud Barak,"Nowak, Martin",0.975624,0.230769,0.811321,0.000333
Ehud Barak,Paul Morris,0.956169,0.1,0.660377,0.00045
Ehud Barak,Peggy Siegal,0.932632,0.166667,0.811321,0.000872
Ehud Barak,Peter Mandelson,0.955615,0.272727,0.849057,0.000292
Ehud Barak,Petra Nemcova,0.005304,0.111111,0.849057,7e-06
Ehud Barak,"Pritzker, Tom",0.988372,0.545455,0.90566,0.000721
Ehud Barak,Ramsey Elkholy,0.923009,0.222222,0.867925,0.000269
Ehud Barak,Richard Joslin,0.983068,0.111111,0.698113,0.000652
Ehud Barak,Richard Kahn,0.516798,0.121951,0.320755,0.004565
Ehud Barak,Steve Hanson,0.974349,0.266667,0.792453,0.000809
Ehud Barak,Stewart Oldfield,0.971546,0.105263,0.679245,0.000236
Ehud Barak,Sultan Bin Sulayem,0.978727,0.1875,0.754717,0.000677
Ehud Barak,Tazia Smith,0.949558,0.125,0.735849,0.000349
Ehud Barak,Vahe Stepanian,0.954169,0.111111,0.698113,0.000244
Ehud Barak,Valeria Chomsky,0.946709,0.230769,0.811321,0.000415
Eileen Alexanderson,Emad Hanna,0.986564,0.285714,0.811321,0.002579
Eileen Alexanderson,Eric Roth,0.996803,0.444444,0.90566,0.004872
Eileen Alexanderson,Eva Dubin,0.988948,0.230769,0.811321,0.004392
Eileen Alexanderson,Faith Kates,0.995651,0.333333,0.886792,0.004409
Eileen Alexanderson,"Farkas, Andrew L.",0.993273,0.272727,0.849057,0.004832
Eileen Alexanderson,Gary Kerney,0.999064,0.333333,0.849057,0.004076
Eileen Alexanderson,Ghislaine Maxwell,0.853209,0.307692,0.830189,0.003479
Eileen Alexanderson,Ian Osborne,0.998067,0.181818,0.830189,0.002914
Eileen Alexanderson,Jean Luc Brunel,0.973884,0.4,0.886792,0.003345
Eileen Alexanderson,Jeffrey Epstein,0.221566,0.113208,0.113208,0.068724
Eileen Alexanderson,Jes Staley,0.901952,0.272727,0.849057,0.003167
Eileen Alexanderson,Joi Ito,0.96249,0.2,0.773585,0.0045
Eileen Alexanderson,Juan Pablo Molyneux,0.98324,0.285714,0.90566,9.1e-05
Eileen Alexanderson,Karyna Shuliak,0.614716,0.133333,0.509434,0.011345
Eileen Alexanderson,Kathy Ruemmler,0.768848,0.285714,0.811321,0.005944
Eileen Alexanderson,Larry Summers,0.996153,0.222222,0.867925,0.002164
Eileen Alexanderson,Larry Visoski,0.924724,0.294118,0.773585,0.009467
Eileen Alexanderson,Lawrence Krauss,0.990206,0.307692,0.830189,0.003583
Eileen Alexanderson,Lesley Groff,0.298861,0.115385,0.132075,0.049158
Eileen Alexanderson,Melanie Spinella,0.989928,0.444444,0.90566,0.005732
Eileen Alexanderson,Michael Wolff,0.997837,0.3,0.867925,0.003149
Eileen Alexanderson,Natalia Molotkova,0.982683,0.272727,0.849057,0.000814
Eileen Alexanderson,Nicole Junkermann,0.996984,0.272727,0.849057,0.003543
Eileen Alexanderson,Noam Chomsky,0.998217,0.3,0.867925,0.00292
Eileen Alexanderson,"Nowak, Martin",0.996202,0.272727,0.849057,0.001992
Eileen Alexanderson,Paul Morris,0.981886,0.428571,0.849057,0.002487
Eileen Alexanderson,Peggy Siegal,0.996306,0.333333,0.886792,0.004607
Eileen Alexanderson,Peter Mandelson,0.998705,0.2,0.849057,0.001676
Eileen Alexanderson,Petra Nemcova,0.01413,0.142857,0.886792,3.1e-05
Eileen Alexanderson,"Pritzker, Tom",0.971227,0.153846,0.792453,0.003868
Eileen Alexanderson,Ramsey Elkholy,0.988502,0.285714,0.90566,0.001611
Eileen Alexanderson,Richard Joslin,0.987695,0.5,0.886792,0.005408
Eileen Alexanderson,Richard Kahn,0.424307,0.128205,0.358491,0.026146
Eileen Alexanderson,Steve Hanson,0.970308,0.214286,0.792453,0.004301
Eileen Alexanderson,Stewart Oldfield,0.990278,0.461538,0.867925,0.001125
Eileen Alexanderson,Sultan Bin Sulayem,0.953582,0.133333,0.754717,0.003751
Eileen Alexanderson,Tazia Smith,0.995919,0.333333,0.849057,0.002373
Eileen Alexanderson,Vahe Stepanian,0.991822,0.5,0.886792,0.001542
Eileen Alexanderson,Valeria Chomsky,0.998092,0.272727,0.849057,0.002211
Emad Hanna,Eric Roth,0.971783,0.416667,0.867925,0.003825
Emad Hanna,Eva Dubin,0.995707,0.176471,0.735849,0.003356
Emad Hanna,Faith Kates,0.987336,0.333333,0.849057,0.003434
Emad Hanna,"Farkas, Andrew L.",0.978305,0.285714,0.811321,0.003793
Emad Hanna,Gary Kerney,0.986721,0.666667,0.924528,0.004674
Emad Hanna,Ghislaine Maxwell,0.91909,0.5,0.867925,0.002752
Emad Hanna,Ian Osborne,0.977272,0.133333,0.754717,0.002249
Emad Hanna,Jean Luc Brunel,0.992177,0.384615,0.849057,0.002593
Emad Hanna,Jeffrey Epstein,0.241111,0.188679,0.188679,0.053076
Emad Hanna,Jes Staley,0.950106,0.2,0.773585,0.002543
Emad Hanna,Joi Ito,0.984939,0.222222,0.735849,0.0035
Emad Hanna,Juan Pablo Molyneux,0.976586,0.181818,0.830189,7.7e-05
Emad Hanna,Karyna Shuliak,0.693596,0.310345,0.622642,0.00874
Emad Hanna,Kathy Ruemmler,0.848613,0.294118,0.773585,0.004715
Emad Hanna,Larry Summers,0.970484,0.153846,0.792453,0.001726
Emad Hanna,Larry Visoski,0.955177,0.529412,0.849057,0.007251
Emad Hanna,Lawrence Krauss,0.986135,0.4,0.830189,0.002729
Emad Hanna,Lesley Groff,0.36127,0.192308,0.207547,0.036124
Emad Hanna,Melanie Spinella,0.964417,0.214286,0.792453,0.004206
Emad Hanna,Michael Wolff,0.977326,0.214286,0.792453,0.002466
Emad Hanna,Natalia Molotkova,0.993168,0.384615,0.849057,0.0006
Emad Hanna,Nicole Junkermann,0.980084,0.2,0.773585,0.002776
Emad Hanna,Noam Chomsky,0.975923,0.214286,0.792453,0.002322
Emad Hanna,"Nowak, Martin",0.994433,0.285714,0.811321,0.001524
Emad Hanna,Paul Morris,0.977828,0.333333,0.773585,0.001925
Emad Hanna,Peggy Siegal,0.971158,0.333333,0.849057,0.003611
Emad Hanna,Peter Mandelson,0.98394,0.230769,0.811321,0.001294
Emad Hanna,Petra Nemcova,0.011826,0.090909,0.811321,2.6e-05
Emad Hanna,"Pritzker, Tom",0.992935,0.117647,0.716981,0.003025
Emad Hanna,Ramsey Elkholy,0.960227,0.181818,0.830189,0.001234
Emad Hanna,Richard Joslin,0.996363,0.294118,0.773585,0.002864
Emad Hanna,Richard Kahn,0.492107,0.263158,0.471698,0.020133
Emad Hanna,Steve Hanson,0.985352,0.166667,0.716981,0.003368
Emad Hanna,Stewart Oldfield,0.989799,0.352941,0.792453,0.000901
Emad Hanna,Sultan Bin Sulayem,0.980378,0.166667,0.716981,0.00291
Emad Hanna,Tazia Smith,0.978978,0.333333,0.811321,0.001776
Emad Hanna,Vahe Stepanian,0.980006,0.294118,0.773585,0.001168
Emad Hanna,Valeria Chomsky,0.978908,0.285714,0.811321,0.00173
Eric Roth,Eva Dubin,0.977538,0.363636,0.867925,0.006572
Eric Roth,Faith Kates,0.992053,0.375,0.90566,0.006519
Eric Roth,"Farkas, Andrew L.",0.993151,0.3,0.867925,0.007114
Eric Roth,Gary Kerney,0.995917,0.363636,0.867925,0.006001
Eric Roth,Ghislaine Maxwell,0.820073,0.454545,0.886792,0.005117
Eric Roth,Ian Osborne,0.998274,0.2,0.849057,0.004332
Eric Roth,Jean Luc Brunel,0.958952,0.444444,0.90566,0.004963
Eric Roth,Jeffrey Epstein,0.220872,0.09434,0.09434,0.102222
Eric Roth,Jes Staley,0.877527,0.3,0.867925,0.004598
Eric Roth,Joi Ito,0.947371,0.307692,0.830189,0.006658
Eric Roth,Juan Pablo Molyneux,0.97605,0.333333,0.924528,0.000127
Eric Roth,Karyna Shuliak,0.578582,0.178571,0.566038,0.016924
Eric Roth,Kathy Ruemmler,0.734179,0.416667,0.867925,0.008685
Eric Roth,Larry Summers,0.99819,0.25,0.886792,0.003151
Eric Roth,Larry Visoski,0.90705,0.3125,0.792453,0.015871
Eric Roth,Lawrence Krauss,0.982297,0.333333,0.849057,0.005368
Eric Roth,Lesley Groff,0.272037,0.096154,0.113208,0.072699
Eric Roth,Melanie Spinella,0.995635,0.333333,0.886792,0.007657
Eric Roth,Michael Wolff,0.998179,0.333333,0.886792,0.004638
Eric Roth,Natalia Molotkova,0.968375,0.444444,0.90566,0.001203
Eric Roth,Nicole Junkermann,0.996384,0.3,0.867925,0.00522
Eric Roth,Noam Chomsky,0.999237,0.333333,0.886792,0.004262
Eric Roth,"Nowak, Martin",0.987183,0.444444,0.90566,0.00297
Eric Roth,Paul Morris,0.973527,0.357143,0.830189,0.003661
Eric Roth,Peggy Siegal,0.999875,0.375,0.90566,0.006777
Eric Roth,Peter Mandelson,0.995002,0.222222,0.867925,0.002493
Eric Roth,Petra Nemcova,0.018269,0.166667,0.90566,4.5e-05
Eric Roth,"Pritzker, Tom",0.955329,0.272727,0.849057,0.00571
Eric Roth,Ramsey Elkholy,0.990688,0.333333,0.924528,0.002409
Eric Roth,Richard Joslin,0.975835,0.307692,0.830189,0.005504
Eric Roth,Richard Kahn,0.400568,0.131579,0.377358,0.039247
Eric Roth,Steve Hanson,0.957907,0.333333,0.849057,0.006333
Eric Roth,Stewart Oldfield,0.979997,0.384615,0.849057,0.001657
Eric Roth,Sultan Bin Sulayem,0.935674,0.142857,0.773585,0.005559
Eric Roth,Tazia Smith,0.99236,0.5,0.90566,0.003592
Eric Roth,Vahe Stepanian,0.98562,0.416667,0.867925,0.002326
Eric Roth,Valeria Chomsky,0.996689,0.444444,0.90566,0.003255
Eva Dubin,Faith Kates,0.985847,0.272727,0.849057,0.005814
Eva Dubin,"Farkas, Andrew L.",0.989698,0.230769,0.811321,0.006511
Eva Dubin,Gary Kerney,0.991901,0.2,0.773585,0.005493
Eva Dubin,Ghislaine Maxwell,0.900599,0.1875,0.754717,0.004713
Eva Dubin,Ian Osborne,0.980763,0.25,0.830189,0.00376
Eva Dubin,Jean Luc Brunel,0.982038,0.333333,0.849057,0.004346
Eva Dubin,Jeffrey Epstein,0.304305,0.150943,0.150943,0.088344
Eva Dubin,Jes Staley,0.936017,0.230769,0.811321,0.004542
Eva Dubin,Joi Ito,0.990456,0.333333,0.811321,0.005912
Eva Dubin,Juan Pablo Molyneux,0.963867,0.222222,0.867925,0.000151
Eva Dubin,Karyna Shuliak,0.721439,0.2,0.54717,0.015343
Eva Dubin,Kathy Ruemmler,0.837465,0.25,0.773585,0.008301
Eva Dubin,Larry Summers,0.972199,0.3,0.867925,0.00305
Eva Dubin,Larry Visoski,0.968734,0.263158,0.735849,0.011801
Eva Dubin,Lawrence Krauss,0.994055,0.1875,0.754717,0.004426
Eva Dubin,Lesley Groff,0.416693,0.153846,0.169811,0.056863
Eva Dubin,Melanie Spinella,0.976414,0.153846,0.792453,0.007458
Eva Dubin,Michael Wolff,0.984929,0.363636,0.867925,0.004218
Eva Dubin,Natalia Molotkova,0.980968,0.454545,0.886792,0.000951
Eva Dubin,Nicole Junkermann,0.988533,0.230769,0.811321,0.004752
Eva Dubin,Noam Chomsky,0.981938,0.25,0.830189,0.004082
Eva Dubin,"Nowak, Martin",0.990015,0.333333,0.849057,0.002501
Eva Dubin,Paul Morris,0.988119,0.222222,0.735849,0.003254
Eva Dubin,Peggy Siegal,0.976413,0.272727,0.849057,0.006261
Eva Dubin,Peter Mandelson,0.983135,0.166667,0.811321,0.002152
Eva Dubin,Petra Nemcova,0.028691,0.111111,0.849057,4.7e-05
Eva Dubin,"Pritzker, Tom",0.989733,0.416667,0.867925,0.005157
Eva Dubin,Ramsey Elkholy,0.95654,0.222222,0.867925,0.00202
Eva Dubin,Richard Joslin,0.999183,0.176471,0.735849,0.004782
Eva Dubin,Richard Kahn,0.53854,0.179487,0.396226,0.033531
Eva Dubin,Steve Hanson,0.993883,0.357143,0.830189,0.005765
Eva Dubin,Stewart Oldfield,0.993623,0.235294,0.754717,0.001603
Eva Dubin,Sultan Bin Sulayem,0.987091,0.1875,0.754717,0.004891
Eva Dubin,Tazia Smith,0.981196,0.285714,0.811321,0.002786
Eva Dubin,Vahe Stepanian,0.985053,0.25,0.773585,0.001878
Eva Dubin,Valeria Chomsky,0.982591,0.333333,0.849057,0.00296
Faith Kates,"Farkas, Andrew L.",0.988102,0.333333,0.886792,0.006465
Faith Kates,Gary Kerney,0.993048,0.272727,0.849057,0.005454
Faith Kates,Ghislaine Maxwell,0.881769,0.25,0.830189,0.004659
Faith Kates,Ian Osborne,0.990489,0.222222,0.867925,0.003873
Faith Kates,Jean Luc Brunel,0.986088,0.5,0.924528,0.004453
Faith Kates,Jeffrey Epstein,0.215229,0.075472,0.075472,0.09137
Faith Kates,Jes Staley,0.928128,0.2,0.849057,0.004276
Faith Kates,Joi Ito,0.962892,0.230769,0.811321,0.005998
Faith Kates,Juan Pablo Molyneux,0.989322,0.4,0.943396,0.000126
Faith Kates,Karyna Shuliak,0.610437,0.185185,0.584906,0.015046
Faith Kates,Kathy Ruemmler,0.803514,0.333333,0.849057,0.007984
Faith Kates,Larry Summers,0.991157,0.285714,0.90566,0.002913
Faith Kates,Larry Visoski,0.925902,0.25,0.773585,0.012498
Faith Kates,Lawrence Krauss,0.977987,0.363636,0.867925,0.004736
Faith Kates,Lesley Groff,0.282037,0.076923,0.09434,0.063463
Faith Kates,Melanie Spinella,0.986411,0.222222,0.867925,0.007097
Faith Kates,Michael Wolff,0.989587,0.375,0.90566,0.004208
Faith Kates,Natalia Molotkova,0.988751,0.5,0.924528,0.001053
Faith Kates,Nicole Junkermann,0.988947,0.2,0.849057,0.004737
Faith Kates,Noam Chomsky,0.991083,0.375,0.90566,0.003927
Faith Kates,"Nowak, Martin",0.995274,0.333333,0.886792,0.002636
Faith Kates,Paul Morris,0.965389,0.285714,0.811321,0.003301
Faith Kates,Peggy Siegal,0.992908,0.666667,0.962264,0.006158
Faith Kates,Peter Mandelson,0.993553,0.25,0.886792,0.002228
Faith Kates,Petra Nemcova,0.017942,0.2,0.924528,4.3e-05
Faith Kates,"Pritzker, Tom",0.980539,0.181818,0.830189,0.005169
Faith Kates,Ramsey Elkholy,0.985043,0.4,0.943396,0.002135
Faith Kates,Richard Joslin,0.983946,0.230769,0.811321,0.004927
Faith Kates,Richard Kahn,0.422395,0.105263,0.358491,0.034939
Faith Kates,Steve Hanson,0.968783,0.25,0.830189,0.005751
Faith Kates,Stewart Oldfield,0.978951,0.307692,0.830189,0.001527
Faith Kates,Sultan Bin Sulayem,0.952273,0.363636,0.867925,0.004995
Faith Kates,Tazia Smith,0.984764,0.4,0.886792,0.003118
Faith Kates,Vahe Stepanian,0.97712,0.333333,0.849057,0.00204
Faith Kates,Valeria Chomsky,0.988804,0.333333,0.886792,0.002953
"Farkas, Andrew L.",Gary Kerney,0.996559,0.333333,0.849057,0.005955
"Farkas, Andrew L.",Ghislaine Maxwell,0.846117,0.214286,0.792453,0.005078
"Farkas, Andrew L.",Ian Osborne,0.991081,0.181818,0.830189,0.004294
"Farkas, Andrew L.",Jean Luc Brunel,0.962616,0.272727,0.849057,0.004922
"Farkas, Andrew L.",Jeffrey Epstein,0.309189,0.113208,0.113208,0.10134
"Farkas, Andrew L.",Jes Staley,0.897616,0.272727,0.849057,0.004568
"Farkas, Andrew L.",Joi Ito,0.972476,0.285714,0.811321,0.006603
"Farkas, Andrew L.",Juan Pablo Molyneux,0.959013,0.285714,0.90566,0.000127
"Farkas, Andrew L.",Karyna Shuliak,0.666434,0.214286,0.584906,0.01666
"Farkas, Andrew L.",Kathy Ruemmler,0.779362,0.285714,0.811321,0.008623
"Farkas, Andrew L.",Larry Summers,0.985728,0.222222,0.867925,0.003129
"Farkas, Andrew L.",Larry Visoski,0.946722,0.222222,0.735849,0.013967
"Farkas, Andrew L.",Lawrence Krauss,0.99095,0.307692,0.830189,0.005318
"Farkas, Andrew L.",Lesley Groff,0.378343,0.115385,0.132075,0.071913
"Farkas, Andrew L.",Melanie Spinella,0.996739,0.181818,0.830189,0.007604
"Farkas, Andrew L.",Michael Wolff,0.996168,0.181818,0.830189,0.004602
"Farkas, Andrew L.",Natalia Molotkova,0.963425,0.272727,0.849057,0.00119
"Farkas, Andrew L.",Nicole Junkermann,0.99798,0.272727,0.849057,0.005179
"Farkas, Andrew L.",Noam Chomsky,0.994173,0.3,0.867925,0.004232
"Farkas, Andrew L.","Nowak, Martin",0.983156,0.4,0.886792,0.002943
"Farkas, Andrew L.",Paul Morris,0.98477,0.25,0.773585,0.003624
"Farkas, Andrew L.",Peggy Siegal,0.992503,0.333333,0.886792,0.006724
"Farkas, Andrew L.",Peter Mandelson,0.986416,0.333333,0.886792,0.002471
"Farkas, Andrew L.",Petra Nemcova,0.023635,0.142857,0.886792,4.5e-05
"Farkas, Andrew L.","Pritzker, Tom",0.969585,0.25,0.830189,0.005664
"Farkas, Andrew L.",Ramsey Elkholy,0.969683,0.285714,0.90566,0.002387
"Farkas, Andrew L.",Richard Joslin,0.987648,0.2,0.773585,0.005454
"Farkas, Andrew L.",Richard Kahn,0.504097,0.1,0.320755,0.038271
"Farkas, Andrew L.",Steve Hanson,0.981547,0.416667,0.867925,0.006283
"Farkas, Andrew L.",Stewart Oldfield,0.986143,0.1875,0.754717,0.001614
"Farkas, Andrew L.",Sultan Bin Sulayem,0.964697,0.133333,0.754717,0.005518
"Farkas, Andrew L.",Tazia Smith,0.985125,0.230769,0.811321,0.003549
"Farkas, Andrew L.",Vahe Stepanian,0.985042,0.2,0.773585,0.002288
"Farkas, Andrew L.",Valeria Chomsky,0.990515,0.272727,0.849057,0.00323
Gary Kerney,Ghislaine Maxwell,0.85203,0.461538,0.867925,0.00429
Gary Kerney,Ian Osborne,0.997323,0.153846,0.792453,0.003622
Gary Kerney,Jean Luc Brunel,0.970967,0.454545,0.886792,0.004152
Gary Kerney,Jeffrey Epstein,0.251035,0.150943,0.150943,0.085503
Gary Kerney,Jes Staley,0.900765,0.230769,0.811321,0.003854
Gary Kerney,Joi Ito,0.969483,0.25,0.773585,0.00557
Gary Kerney,Juan Pablo Molyneux,0.975099,0.222222,0.867925,0.000107
Gary Kerney,Karyna Shuliak,0.639519,0.241379,0.584906,0.014046
Gary Kerney,Kathy Ruemmler,0.772952,0.25,0.773585,0.007273
Gary Kerney,Larry Summers,0.993077,0.181818,0.830189,0.002639
Gary Kerney,Larry Visoski,0.935447,0.6,0.886792,0.01177
Gary Kerney,Lawrence Krauss,0.994338,0.357143,0.830189,0.004486
Gary Kerney,Lesley Groff,0.331778,0.153846,0.169811,0.060271
Gary Kerney,Melanie Spinella,0.991983,0.153846,0.792453,0.006404
Gary Kerney,Michael Wolff,0.998706,0.25,0.830189,0.003881
Gary Kerney,Natalia Molotkova,0.977846,0.333333,0.849057,0.000998
Gary Kerney,Nicole Junkermann,0.999087,0.230769,0.811321,0.004369
Gary Kerney,Noam Chomsky,0.997927,0.25,0.830189,0.003569
Gary Kerney,"Nowak, Martin",0.993701,0.333333,0.849057,0.002481
Gary Kerney,Paul Morris,0.987707,0.294118,0.773585,0.003052
Gary Kerney,Peggy Siegal,0.995063,0.272727,0.849057,0.005671
Gary Kerney,Peter Mandelson,0.996104,0.272727,0.849057,0.002085
Gary Kerney,Petra Nemcova,0.015819,0.111111,0.849057,3.8e-05
Gary Kerney,"Pritzker, Tom",0.972114,0.133333,0.754717,0.004779
Gary Kerney,Ramsey Elkholy,0.982204,0.222222,0.867925,0.002014
Gary Kerney,Richard Joslin,0.991044,0.333333,0.811321,0.004601
Gary Kerney,Richard Kahn,0.455965,0.210526,0.433962,0.032304
Gary Kerney,Steve Hanson,0.977189,0.1875,0.754717,0.005299
Gary Kerney,Stewart Oldfield,0.99309,0.3125,0.792453,0.001363
Gary Kerney,Sultan Bin Sulayem,0.961487,0.117647,0.716981,0.00465
Gary Kerney,Tazia Smith,0.995002,0.285714,0.811321,0.002994
Gary Kerney,Vahe Stepanian,0.993424,0.25,0.773585,0.00193
Gary Kerney,Valeria Chomsky,0.997581,0.333333,0.849057,0.002724
Ghislaine Maxwell,Ian Osborne,0.822809,0.142857,0.773585,0.003101
Ghislaine Maxwell,Jean Luc Brunel,0.945789,0.307692,0.830189,0.003551
Ghislaine Maxwell,Jeffrey Epstein,0.279699,0.169811,0.169811,0.073189
Ghislaine Maxwell,Jes Staley,0.992379,0.307692,0.830189,0.003269
Ghislaine Maxwell,Joi Ito,0.92367,0.166667,0.716981,0.00476
Ghislaine Maxwell,Juan Pablo Molyneux,0.873799,0.2,0.849057,9e-05
Ghislaine Maxwell,Karyna Shuliak,0.767961,0.233333,0.566038,0.012017
Ghislaine Maxwell,Kathy Ruemmler,0.980224,0.235294,0.754717,0.006187
Ghislaine Maxwell,Larry Summers,0.815551,0.166667,0.811321,0.002242
Ghislaine Maxwell,Larry Visoski,0.92094,0.315789,0.754717,0.0101
Ghislaine Maxwell,Lawrence Krauss,0.851426,0.25,0.773585,0.003851
Ghislaine Maxwell,Lesley Groff,0.433722,0.173077,0.188679,0.051953
Ghislaine Maxwell,Melanie Spinella,0.819264,0.230769,0.811321,0.005439
Ghislaine Maxwell,Michael Wolff,0.825695,0.230769,0.811321,0.003311
Ghislaine Maxwell,Natalia Molotkova,0.917408,0.214286,0.792453,0.000859
Ghislaine Maxwell,Nicole Junkermann,0.834545,0.214286,0.792453,0.003728
Ghislaine Maxwell,Noam Chomsky,0.823333,0.230769,0.811321,0.003034
Ghislaine Maxwell,"Nowak, Martin",0.884509,0.214286,0.792453,0.002127
Ghislaine Maxwell,Paul Morris,0.83434,0.210526,0.716981,0.002648
Ghislaine Maxwell,Peggy Siegal,0.82236,0.25,0.830189,0.004837
Ghislaine Maxwell,Peter Mandelson,0.844628,0.153846,0.792453,0.001911
Ghislaine Maxwell,Petra Nemcova,0.012648,0.1,0.830189,3.2e-05
Ghislaine Maxwell,"Pritzker, Tom",0.950262,0.125,0.735849,0.004079
Ghislaine Maxwell,Ramsey Elkholy,0.802617,0.2,0.849057,0.001727
Ghislaine Maxwell,Richard Joslin,0.899666,0.3125,0.792453,0.003937
Ghislaine Maxwell,Richard Kahn,0.584337,0.205128,0.415094,0.027593
Ghislaine Maxwell,Steve Hanson,0.910095,0.176471,0.735849,0.004521
Ghislaine Maxwell,Stewart Oldfield,0.860804,0.375,0.811321,0.001154
Ghislaine Maxwell,Sultan Bin Sulayem,0.925123,0.111111,0.698113,0.003976
Ghislaine Maxwell,Tazia Smith,0.822194,0.357143,0.830189,0.00258
Ghislaine Maxwell,Vahe Stepanian,0.825,0.3125,0.792453,0.001658
Ghislaine Maxwell,Valeria Chomsky,0.823902,0.214286,0.792453,0.002324
Ian Osborne,Jean Luc Brunel,0.960613,0.3,0.867925,0.002915
Ian Osborne,Jeffrey Epstein,0.203833,0.09434,0.09434,0.059554
Ian Osborne,Jes Staley,0.877132,0.3,0.867925,0.002912
Ian Osborne,Joi Ito,0.9509,0.307692,0.830189,0.003945
Ian Osborne,Juan Pablo Molyneux,0.978032,0.333333,0.924528,9.1e-05
Ian Osborne,Karyna Shuliak,0.584521,0.178571,0.566038,0.009824
Ian Osborne,Kathy Ruemmler,0.732466,0.307692,0.830189,0.00537
Ian Osborne,Larry Summers,0.998005,0.25,0.886792,0.001971
Ian Osborne,Larry Visoski,0.908048,0.105263,0.679245,0.008073
Ian Osborne,Lawrence Krauss,0.987882,0.142857,0.773585,0.003041
Ian Osborne,Lesley Groff,0.271324,0.096154,0.113208,0.04038
Ian Osborne,Melanie Spinella,0.990524,0.2,0.849057,0.004819
Ian Osborne,Michael Wolff,0.998557,0.2,0.849057,0.002977
Ian Osborne,Natalia Molotkova,0.973194,0.181818,0.830189,0.000672
Ian Osborne,Nicole Junkermann,0.996989,0.3,0.867925,0.003141
Ian Osborne,Noam Chomsky,0.999246,0.2,0.849057,0.002647
Ian Osborne,"Nowak, Martin",0.991105,0.181818,0.830189,0.001705
Ian Osborne,Paul Morris,0.980747,0.117647,0.716981,0.002176
Ian Osborne,Peggy Siegal,0.997497,0.375,0.90566,0.004089
Ian Osborne,Peter Mandelson,0.997805,0.222222,0.867925,0.001451
Ian Osborne,Petra Nemcova,0.016219,0.166667,0.90566,3e-05
Ian Osborne,"Pritzker, Tom",0.95646,0.272727,0.849057,0.003428
Ian Osborne,Ramsey Elkholy,0.99129,0.333333,0.924528,0.001378
Ian Osborne,Richard Joslin,0.980559,0.133333,0.754717,0.003217
Ian Osborne,Richard Kahn,0.39564,0.102564,0.339623,0.022549
Ian Osborne,Steve Hanson,0.959967,0.333333,0.849057,0.003811
Ian Osborne,Stewart Oldfield,0.987181,0.125,0.735849,0.001028
Ian Osborne,Sultan Bin Sulayem,0.940347,0.230769,0.811321,0.003275
Ian Osborne,Tazia Smith,0.997472,0.153846,0.792453,0.001961
Ian Osborne,Vahe Stepanian,0.992536,0.133333,0.754717,0.001297
Ian Osborne,Valeria Chomsky,0.999534,0.181818,0.830189,0.001958
Jean Luc Brunel,Jeffrey Epstein,0.217165,0.113208,0.113208,0.068792
Jean Luc Brunel,Jes Staley,0.973965,0.4,0.886792,0.003304
Jean Luc Brunel,Joi Ito,0.972989,0.384615,0.849057,0.004539
Jean Luc Brunel,Juan Pablo Molyneux,0.980341,0.285714,0.90566,0.000101
Jean Luc Brunel,Karyna Shuliak,0.668502,0.259259,0.622642,0.011319
Jean Luc Brunel,Kathy Ruemmler,0.880491,0.285714,0.811321,0.006121
Jean Luc Brunel,Larry Summers,0.958513,0.222222,0.867925,0.002241
Jean Luc Brunel,Larry Visoski,0.942667,0.294118,0.773585,0.009341
Jean Luc Brunel,Lawrence Krauss,0.960849,0.307692,0.830189,0.003533
Jean Luc Brunel,Lesley Groff,0.320421,0.115385,0.132075,0.046652
Jean Luc Brunel,Melanie Spinella,0.951743,0.181818,0.830189,0.005462
Jean Luc Brunel,Michael Wolff,0.95916,0.444444,0.90566,0.003199
Jean Luc Brunel,Natalia Molotkova,0.994587,0.4,0.886792,0.000776
Jean Luc Brunel,Nicole Junkermann,0.961383,0.4,0.886792,0.003602
Jean Luc Brunel,Noam Chomsky,0.959786,0.3,0.867925,0.003015
Jean Luc Brunel,"Nowak, Martin",0.986346,0.272727,0.849057,0.001974
Jean Luc Brunel,Paul Morris,0.946468,0.25,0.773585,0.002494
Jean Luc Brunel,Peggy Siegal,0.960188,0.333333,0.886792,0.004685
Jean Luc Brunel,Peter Mandelson,0.971134,0.2,0.849057,0.001677
Jean Luc Brunel,Petra Nemcova,0.014537,0.142857,0.886792,3.3e-05
Jean Luc Brunel,"Pritzker, Tom",0.995281,0.25,0.830189,0.003924
Jean Luc Brunel,Ramsey Elkholy,0.951912,0.285714,0.90566,0.001598
Jean Luc Brunel,Richard Joslin,0.981457,0.384615,0.849057,0.003712
Jean Luc Brunel,Richard Kahn,0.46853,0.157895,0.396226,0.026014
Jean Luc Brunel,Steve Hanson,0.971415,0.307692,0.830189,0.004429
Jean Luc Brunel,Stewart Oldfield,0.966174,0.266667,0.792453,0.001166
Jean Luc Brunel,Sultan Bin Sulayem,0.965902,0.214286,0.792453,0.003773
Jean Luc Brunel,Tazia Smith,0.957919,0.333333,0.849057,0.002297
Jean Luc Brunel,Vahe Stepanian,0.953195,0.285714,0.811321,0.00151
Jean Luc Brunel,Valeria Chomsky,0.960041,0.4,0.886792,0.002245
Jeffrey Epstein,Jes Staley,0.280093,0.113208,0.113208,0.068743
Jeffrey Epstein,Joi Ito,0.369626,0.188679,0.188679,0.093056
Jeffrey Epstein,Juan Pablo Molyneux,0.098134,0.018868,0.018868,0.002148
Jeffrey Epstein,Karyna Shuliak,0.694055,0.490566,0.490566,0.231
Jeffrey Epstein,Kathy Ruemmler,0.395224,0.188679,0.188679,0.12666
Jeffrey Epstein,Larry Summers,0.17274,0.056604,0.056604,0.046488
Jeffrey Epstein,Larry Visoski,0.481732,0.264151,0.264151,0.189673
Jeffrey Epstein,Lawrence Krauss,0.2893,0.169811,0.169811,0.071711
Jeffrey Epstein,Lesley Groff,0.863505,0.943396,0.943396,0.931635
Jeffrey Epstein,Melanie Spinella,0.289621,0.09434,0.09434,0.113182
Jeffrey Epstein,Michael Wolff,0.245146,0.09434,0.09434,0.065786
Jeffrey Epstein,Natalia Molotkova,0.157797,0.113208,0.113208,0.015516
Jeffrey Epstein,Nicole Junkermann,0.266238,0.113208,0.113208,0.074115
Jeffrey Epstein,Noam Chomsky,0.228441,0.09434,0.09434,0.062461
Jeffrey Epstein,"Nowak, Martin",0.190257,0.113208,0.113208,0.040158
Jeffrey Epstein,Paul Morris,0.31723,0.226415,0.226415,0.051026
Jeffrey Epstein,Peggy Siegal,0.218028,0.075472,0.075472,0.096425
Jeffrey Epstein,Peter Mandelson,0.179426,0.075472,0.075472,0.034257
Jeffrey Epstein,Petra Nemcova,0.375796,0.0,0.0,0.000702
Jeffrey Epstein,"Pritzker, Tom",0.293269,0.132075,0.132075,0.080668
Jeffrey Epstein,Ramsey Elkholy,0.109091,0.018868,0.018868,0.032519
Jeffrey Epstein,Richard Joslin,0.296452,0.188679,0.188679,0.075895
Jeffrey Epstein,Richard Kahn,0.841593,0.679245,0.679245,0.531487
Jeffrey Epstein,Steve Hanson,0.375373,0.169811,0.169811,0.089854
Jeffrey Epstein,Stewart Oldfield,0.272276,0.207547,0.207547,0.024238
Jeffrey Epstein,Sultan Bin Sulayem,0.387605,0.169811,0.169811,0.077271
Jeffrey Epstein,Tazia Smith,0.199104,0.150943,0.150943,0.04623
Jeffrey Epstein,Vahe Stepanian,0.24474,0.188679,0.188679,0.030578
Jeffrey Epstein,Valeria Chomsky,0.208654,0.113208,0.113208,0.046159
Jes Staley,Joi Ito,0.951353,0.285714,0.811321,0.004384
Jes Staley,Juan Pablo Molyneux,0.915778,0.285714,0.90566,6.2e-05
Jes Staley,Karyna Shuliak,0.743445,0.172414,0.54717,0.011278
Jes Staley,Kathy Ruemmler,0.963044,0.2,0.773585,0.005395
Jes Staley,Larry Summers,0.872054,0.222222,0.867925,0.001925
Jes Staley,Larry Visoski,0.940993,0.157895,0.698113,0.009707
Jes Staley,Lawrence Krauss,0.893816,0.214286,0.792453,0.003737
Jes Staley,Lesley Groff,0.403552,0.115385,0.132075,0.052416
Jes Staley,Melanie Spinella,0.878667,0.181818,0.830189,0.004649
Jes Staley,Michael Wolff,0.879594,0.3,0.867925,0.002994
Jes Staley,Natalia Molotkova,0.948904,0.166667,0.811321,0.000862
Jes Staley,Nicole Junkermann,0.886853,0.75,0.962264,0.003367
Jes Staley,Noam Chomsky,0.87825,0.3,0.867925,0.002628
Jes Staley,"Nowak, Martin",0.924868,0.166667,0.811321,0.002036
Jes Staley,Paul Morris,0.87644,0.176471,0.735849,0.0024
Jes Staley,Peggy Siegal,0.880078,0.2,0.849057,0.004356
Jes Staley,Peter Mandelson,0.89333,0.2,0.849057,0.001698
Jes Staley,Petra Nemcova,0.01091,0.142857,0.886792,2.5e-05
Jes Staley,"Pritzker, Tom",0.97636,0.25,0.830189,0.003708
Jes Staley,Ramsey Elkholy,0.859463,0.285714,0.90566,0.001656
Jes Staley,Richard Joslin,0.934917,0.2,0.773585,0.003683
Jes Staley,Richard Kahn,0.563914,0.1,0.320755,0.025827
Jes Staley,Steve Hanson,0.942068,0.214286,0.792453,0.004086
Jes Staley,Stewart Oldfield,0.900372,0.1875,0.754717,0.000973
Jes Staley,Sultan Bin Sulayem,0.948413,0.214286,0.792453,0.003686
Jes Staley,Tazia Smith,0.871917,0.230769,0.811321,0.002597
Jes Staley,Vahe Stepanian,0.871154,0.2,0.773585,0.001623
Jes Staley,Valeria Chomsky,0.876275,0.166667,0.811321,0.002102
Joi Ito,Juan Pablo Molyneux,0.929228,0.181818,0.830189,0.00013
Joi Ito,Karyna Shuliak,0.792729,0.225806,0.54717,0.015663
Joi Ito,Kathy Ruemmler,0.883218,0.375,0.811321,0.00817
Joi Ito,Larry Summers,0.936233,0.153846,0.792453,0.003161
Joi Ito,Larry Visoski,0.989505,0.238095,0.698113,0.01272
Joi Ito,Lawrence Krauss,0.978289,0.235294,0.754717,0.004813
Joi Ito,Lesley Groff,0.494973,0.192308,0.207547,0.0645
Joi Ito,Melanie Spinella,0.954184,0.133333,0.754717,0.007277
Joi Ito,Michael Wolff,0.958047,0.133333,0.754717,0.004297
Joi Ito,Natalia Molotkova,0.960393,0.384615,0.849057,0.001071
Joi Ito,Nicole Junkermann,0.966286,0.285714,0.811321,0.004837
Joi Ito,Noam Chomsky,0.95239,0.307692,0.830189,0.00402
Joi Ito,"Nowak, Martin",0.966142,0.285714,0.811321,0.002758
Joi Ito,Paul Morris,0.974123,0.2,0.698113,0.003369
Joi Ito,Peggy Siegal,0.946246,0.230769,0.811321,0.006289
Joi Ito,Peter Mandelson,0.951759,0.142857,0.773585,0.002269
Joi Ito,Petra Nemcova,0.028028,0.090909,0.811321,4.4e-05
Joi Ito,"Pritzker, Tom",0.988747,0.357143,0.830189,0.00528
Joi Ito,Ramsey Elkholy,0.913009,0.181818,0.830189,0.002171
Joi Ito,Richard Joslin,0.991721,0.222222,0.735849,0.005018
Joi Ito,Richard Kahn,0.627127,0.142857,0.320755,0.035228
Joi Ito,Steve Hanson,0.998671,0.4,0.830189,0.00587
Joi Ito,Stewart Oldfield,0.976754,0.210526,0.716981,0.001551
Joi Ito,Sultan Bin Sulayem,0.998744,0.235294,0.754717,0.005213
Joi Ito,Tazia Smith,0.949437,0.25,0.773585,0.003156
Joi Ito,Vahe Stepanian,0.958961,0.222222,0.735849,0.002063
Joi Ito,Valeria Chomsky,0.952446,0.384615,0.849057,0.003015
Juan Pablo Molyneux,Karyna Shuliak,0.530815,0.074074,0.528302,0.000351
Juan Pablo Molyneux,Kathy Ruemmler,0.775544,0.181818,0.830189,0.000137
Juan Pablo Molyneux,Larry Summers,0.983748,0.5,0.962264,4.6e-05
Juan Pablo Molyneux,Larry Visoski,0.878271,0.133333,0.754717,0.00032
Juan Pablo Molyneux,Lawrence Krauss,0.955235,0.2,0.849057,0.000126
Juan Pablo Molyneux,Lesley Groff,0.174223,0.019231,0.037736,0.001894
Juan Pablo Molyneux,Melanie Spinella,0.957626,0.333333,0.924528,0.000109
Juan Pablo Molyneux,Michael Wolff,0.970719,0.333333,0.924528,8.4e-05
Juan Pablo Molyneux,Natalia Molotkova,0.992539,0.285714,0.90566,3.1e-05
Juan Pablo Molyneux,Nicole Junkermann,0.966546,0.285714,0.90566,9.5e-05
Juan Pablo Molyneux,Noam Chomsky,0.975304,0.333333,0.924528,6.5e-05
Juan Pablo Molyneux,"Nowak, Martin",0.990739,0.285714,0.90566,6.6e-05
Juan Pablo Molyneux,Paul Morris,0.939479,0.153846,0.792453,7.1e-05
Juan Pablo Molyneux,Peggy Siegal,0.977239,0.4,0.943396,0.000122
Juan Pablo Molyneux,Peter Mandelson,0.988069,0.4,0.943396,5.2e-05
Juan Pablo Molyneux,Petra Nemcova,0.0,0.5,0.981132,0.0
Juan Pablo Molyneux,"Pritzker, Tom",0.962659,0.25,0.886792,0.000106
Juan Pablo Molyneux,Ramsey Elkholy,0.98847,1.0,1.0,5.4e-05
Juan Pablo Molyneux,Richard Joslin,0.962459,0.181818,0.830189,0.000114
Juan Pablo Molyneux,Richard Kahn,0.311899,0.054054,0.339623,0.0008
Juan Pablo Molyneux,Steve Hanson,0.933742,0.2,0.849057,0.000115
Juan Pablo Molyneux,Stewart Oldfield,0.962092,0.166667,0.811321,2.2e-05
Juan Pablo Molyneux,Sultan Bin Sulayem,0.917368,0.2,0.849057,0.000111
Juan Pablo Molyneux,Tazia Smith,0.976649,0.222222,0.867925,9.4e-05
Juan Pablo Molyneux,Vahe Stepanian,0.963521,0.181818,0.830189,5.6e-05
Juan Pablo Molyneux,Valeria Chomsky,0.977002,0.285714,0.90566,5.9e-05
Karyna Shuliak,Kathy Ruemmler,0.834096,0.225806,0.54717,0.020869
Karyna Shuliak,Larry Summers,0.546281,0.148148,0.566038,0.007654
Karyna Shuliak,Larry Visoski,0.863034,0.354839,0.622642,0.034244
Karyna Shuliak,Lawrence Krauss,0.693646,0.275862,0.603774,0.011846
Karyna Shuliak,Lesley Groff,0.894862,0.5,0.509434,0.171444
Karyna Shuliak,Melanie Spinella,0.616705,0.1,0.490566,0.019057
Karyna Shuliak,Michael Wolff,0.614666,0.178571,0.566038,0.010856
Karyna Shuliak,Natalia Molotkova,0.620204,0.214286,0.584906,0.003085
Karyna Shuliak,Nicole Junkermann,0.638428,0.214286,0.584906,0.012184
Karyna Shuliak,Noam Chomsky,0.595035,0.137931,0.528302,0.010287
Karyna Shuliak,"Nowak, Martin",0.622482,0.172414,0.54717,0.006714
Karyna Shuliak,Paul Morris,0.70626,0.290323,0.584906,0.008728
Karyna Shuliak,Peggy Siegal,0.574212,0.185185,0.584906,0.015922
Karyna Shuliak,Peter Mandelson,0.584371,0.103448,0.509434,0.005633
Karyna Shuliak,Petra Nemcova,0.07342,0.037037,0.509434,0.000115
Karyna Shuliak,"Pritzker, Tom",0.732666,0.166667,0.528302,0.01341
Karyna Shuliak,Ramsey Elkholy,0.489547,0.074074,0.528302,0.005352
Karyna Shuliak,Richard Joslin,0.720576,0.266667,0.584906,0.012523
Karyna Shuliak,Richard Kahn,0.949685,0.560976,0.660377,0.094422
Karyna Shuliak,Steve Hanson,0.781878,0.15625,0.490566,0.015632
Karyna Shuliak,Stewart Oldfield,0.684515,0.3,0.603774,0.004341
Karyna Shuliak,Sultan Bin Sulayem,0.816462,0.233333,0.566038,0.012723
Karyna Shuliak,Tazia Smith,0.592076,0.285714,0.622642,0.007736
Karyna Shuliak,Vahe Stepanian,0.636106,0.266667,0.584906,0.005249
Karyna Shuliak,Valeria Chomsky,0.594027,0.133333,0.509434,0.00768
Kathy Ruemmler,Larry Summers,0.720194,0.153846,0.792453,0.003748
Kathy Ruemmler,Larry Visoski,0.904694,0.368421,0.773585,0.017731
Kathy Ruemmler,Lawrence Krauss,0.777859,0.3125,0.792453,0.006769
Kathy Ruemmler,Lesley Groff,0.546613,0.192308,0.207547,0.094716
Kathy Ruemmler,Melanie Spinella,0.748587,0.133333,0.754717,0.009081
Kathy Ruemmler,Michael Wolff,0.742858,0.214286,0.792453,0.00567
Kathy Ruemmler,Natalia Molotkova,0.83382,0.384615,0.849057,0.001562
Kathy Ruemmler,Nicole Junkermann,0.756997,0.285714,0.811321,0.006341
Kathy Ruemmler,Noam Chomsky,0.737038,0.214286,0.792453,0.005071
Kathy Ruemmler,"Nowak, Martin",0.798974,0.285714,0.811321,0.00372
Kathy Ruemmler,Paul Morris,0.762067,0.333333,0.773585,0.004501
Kathy Ruemmler,Peggy Siegal,0.736948,0.454545,0.886792,0.008224
Kathy Ruemmler,Peter Mandelson,0.75165,0.142857,0.773585,0.00309
Kathy Ruemmler,Petra Nemcova,0.022172,0.090909,0.811321,5.2e-05
Kathy Ruemmler,"Pritzker, Tom",0.898677,0.357143,0.830189,0.006957
Kathy Ruemmler,Ramsey Elkholy,0.69589,0.181818,0.830189,0.003018
Kathy Ruemmler,Richard Joslin,0.835476,0.222222,0.735849,0.006804
Kathy Ruemmler,Richard Kahn,0.697624,0.142857,0.320755,0.047809
Kathy Ruemmler,Steve Hanson,0.866817,0.4,0.830189,0.007699
Kathy Ruemmler,Stewart Oldfield,0.782943,0.352941,0.792453,0.001911
Kathy Ruemmler,Sultan Bin Sulayem,0.888394,0.166667,0.716981,0.006884
Kathy Ruemmler,Tazia Smith,0.726986,0.428571,0.849057,0.004613
Kathy Ruemmler,Vahe Stepanian,0.736293,0.375,0.811321,0.002928
Kathy Ruemmler,Valeria Chomsky,0.732913,0.285714,0.811321,0.00396
Larry Summers,Larry Visoski,0.889783,0.117647,0.716981,0.006548
Larry Summers,Lawrence Krauss,0.977718,0.166667,0.811321,0.002506
Larry Summers,Lesley Groff,0.228459,0.057692,0.075472,0.035568
Larry Summers,Melanie Spinella,0.988467,0.25,0.886792,0.003254
Larry Summers,Michael Wolff,0.995405,0.428571,0.924528,0.00205
Larry Summers,Natalia Molotkova,0.972695,0.222222,0.867925,0.000585
Larry Summers,Nicole Junkermann,0.991995,0.222222,0.867925,0.002304
Larry Summers,Noam Chomsky,0.997685,0.25,0.886792,0.001821
Larry Summers,"Nowak, Martin",0.9891,0.375,0.90566,0.001373
Larry Summers,Paul Morris,0.967961,0.133333,0.754717,0.001643
Larry Summers,Peggy Siegal,0.998087,0.285714,0.90566,0.002987
Larry Summers,Peter Mandelson,0.997303,0.285714,0.90566,0.001134
Larry Summers,Petra Nemcova,0.0071,0.25,0.943396,1.8e-05
Larry Summers,"Pritzker, Tom",0.950101,0.333333,0.886792,0.002532
Larry Summers,Ramsey Elkholy,0.99685,0.5,0.962264,0.001113
Larry Summers,Richard Joslin,0.970599,0.153846,0.792453,0.002495
Larry Summers,Richard Kahn,0.354824,0.108108,0.377358,0.017511
Larry Summers,Steve Hanson,0.946703,0.166667,0.811321,0.002797
Larry Summers,Stewart Oldfield,0.977661,0.142857,0.773585,0.000681
Larry Summers,Sultan Bin Sulayem,0.924089,0.4,0.886792,0.002504
Larry Summers,Tazia Smith,0.994039,0.181818,0.830189,0.001723
Larry Summers,Vahe Stepanian,0.98521,0.153846,0.792453,0.001086
Larry Summers,Valeria Chomsky,0.996841,0.222222,0.867925,0.00144
Larry Visoski,Lawrence Krauss,0.950965,0.315789,0.754717,0.009566
Larry Visoski,Lesley Groff,0.608444,0.269231,0.283019,0.138559
Larry Visoski,Melanie Spinella,0.923347,0.105263,0.679245,0.016391
Larry Visoski,Michael Wolff,0.921965,0.166667,0.716981,0.009086
Larry Visoski,Natalia Molotkova,0.919988,0.466667,0.849057,0.002312
Larry Visoski,Nicole Junkermann,0.933237,0.222222,0.735849,0.010195
Larry Visoski,Noam Chomsky,0.913499,0.166667,0.716981,0.008763
Larry Visoski,"Nowak, Martin",0.9266,0.294118,0.773585,0.005443
Larry Visoski,Paul Morris,0.949175,0.333333,0.735849,0.007255
Larry Visoski,Peggy Siegal,0.905633,0.25,0.773585,0.01335
Larry Visoski,Peter Mandelson,0.90814,0.176471,0.735849,0.004624
Larry Visoski,Petra Nemcova,0.066503,0.066667,0.735849,0.000101
Larry Visoski,"Pritzker, Tom",0.970157,0.210526,0.716981,0.011053
Larry Visoski,Ramsey Elkholy,0.858068,0.133333,0.754717,0.004347
Larry Visoski,Richard Joslin,0.967512,0.3,0.735849,0.010296
Larry Visoski,Richard Kahn,0.726089,0.3,0.471698,0.074868
Larry Visoski,Steve Hanson,0.988133,0.190476,0.679245,0.012425
Larry Visoski,Stewart Oldfield,0.946327,0.35,0.754717,0.003553
Larry Visoski,Sultan Bin Sulayem,0.993107,0.136364,0.641509,0.010518
Larry Visoski,Tazia Smith,0.906756,0.333333,0.773585,0.006074
Larry Visoski,Vahe Stepanian,0.922594,0.3,0.735849,0.004137
Larry Visoski,Valeria Chomsky,0.91076,0.294118,0.773585,0.006389
Lawrence Krauss,Lesley Groff,0.399745,0.173077,0.188679,0.04615
Lawrence Krauss,Melanie Spinella,0.979261,0.142857,0.773585,0.006143
Lawrence Krauss,Michael Wolff,0.991325,0.230769,0.811321,0.003444
Lawrence Krauss,Natalia Molotkova,0.967915,0.307692,0.830189,0.000772
Lawrence Krauss,Nicole Junkermann,0.993953,0.214286,0.792453,0.003879
Lawrence Krauss,Noam Chomsky,0.987943,0.333333,0.849057,0.003897
Lawrence Krauss,"Nowak, Martin",0.98592,0.307692,0.830189,0.002047
Lawrence Krauss,Paul Morris,0.998069,0.277778,0.754717,0.00266
Lawrence Krauss,Peggy Siegal,0.979983,0.363636,0.867925,0.005061
Lawrence Krauss,Peter Mandelson,0.986072,0.153846,0.792453,0.001747
Lawrence Krauss,Petra Nemcova,0.024755,0.1,0.830189,3.9e-05
Lawrence Krauss,"Pritzker, Tom",0.968909,0.125,0.735849,0.004205
Lawrence Krauss,Ramsey Elkholy,0.962113,0.2,0.849057,0.001634
Lawrence Krauss,Richard Joslin,0.994554,0.235294,0.754717,0.003885
Lawrence Krauss,Richard Kahn,0.509934,0.236842,0.45283,0.027333
Lawrence Krauss,Steve Hanson,0.984387,0.176471,0.735849,0.004706
Lawrence Krauss,Stewart Oldfield,0.99833,0.294118,0.773585,0.001325
Lawrence Krauss,Sultan Bin Sulayem,0.974559,0.25,0.773585,0.003979
Lawrence Krauss,Tazia Smith,0.990468,0.357143,0.830189,0.002235
Lawrence Krauss,Vahe Stepanian,0.995855,0.3125,0.792453,0.001517
Lawrence Krauss,Valeria Chomsky,0.990484,0.307692,0.830189,0.002479
Lesley Groff,Melanie Spinella,0.328868,0.096154,0.113208,0.096901
Lesley Groff,Michael Wolff,0.314808,0.096154,0.113208,0.047347
Lesley Groff,Natalia Molotkova,0.265434,0.115385,0.132075,0.015965
Lesley Groff,Nicole Junkermann,0.340482,0.115385,0.132075,0.052288
Lesley Groff,Noam Chomsky,0.290427,0.096154,0.113208,0.047032
Lesley Groff,"Nowak, Martin",0.287434,0.115385,0.132075,0.027567
Lesley Groff,Paul Morris,0.423852,0.230769,0.245283,0.041943
Lesley Groff,Peggy Siegal,0.265764,0.076923,0.09434,0.069858
Lesley Groff,Peter Mandelson,0.259835,0.076923,0.09434,0.022761
Lesley Groff,Petra Nemcova,0.22199,0.019608,0.056604,0.000559
Lesley Groff,"Pritzker, Tom",0.407405,0.134615,0.150943,0.056064
Lesley Groff,Ramsey Elkholy,0.158844,0.019231,0.037736,0.020962
Lesley Groff,Richard Joslin,0.409922,0.192308,0.207547,0.051181
Lesley Groff,Richard Kahn,0.963316,0.692308,0.698113,0.367685
Lesley Groff,Steve Hanson,0.492015,0.173077,0.188679,0.065018
Lesley Groff,Stewart Oldfield,0.378993,0.211538,0.226415,0.019248
Lesley Groff,Sultan Bin Sulayem,0.527529,0.173077,0.188679,0.052864
Lesley Groff,Tazia Smith,0.281287,0.153846,0.169811,0.027867
Lesley Groff,Vahe Stepanian,0.336533,0.192308,0.207547,0.019646
Lesley Groff,Valeria Chomsky,0.283043,0.115385,0.132075,0.033405
Melanie Spinella,Michael Wolff,0.994509,0.2,0.849057,0.005006
Melanie Spinella,Natalia Molotkova,0.953587,0.181818,0.830189,0.001594
Melanie Spinella,Nicole Junkermann,0.994807,0.181818,0.830189,0.0056
Melanie Spinella,Noam Chomsky,0.994035,0.2,0.849057,0.004427
Melanie Spinella,"Nowak, Martin",0.975863,0.181818,0.830189,0.003388
Melanie Spinella,Paul Morris,0.971534,0.266667,0.792453,0.00416
Melanie Spinella,Peggy Siegal,0.995716,0.222222,0.867925,0.007295
Melanie Spinella,Peter Mandelson,0.983528,0.222222,0.867925,0.002764
Melanie Spinella,Petra Nemcova,0.018367,0.166667,0.90566,4.3e-05
Melanie Spinella,"Pritzker, Tom",0.955025,0.166667,0.811321,0.006147
Melanie Spinella,Ramsey Elkholy,0.974672,0.333333,0.924528,0.002719
Melanie Spinella,Richard Joslin,0.973954,0.307692,0.830189,0.006762
Melanie Spinella,Richard Kahn,0.46178,0.162162,0.415094,0.04295
Melanie Spinella,Steve Hanson,0.965439,0.142857,0.773585,0.006837
Melanie Spinella,Stewart Oldfield,0.973648,0.285714,0.811321,0.001663
Melanie Spinella,Sultan Bin Sulayem,0.94291,0.142857,0.773585,0.006104
Melanie Spinella,Tazia Smith,0.980583,0.153846,0.792453,0.00424
Melanie Spinella,Vahe Stepanian,0.976392,0.307692,0.830189,0.002671
Melanie Spinella,Valeria Chomsky,0.98814,0.181818,0.830189,0.003523
Michael Wolff,Natalia Molotkova,0.968621,0.181818,0.830189,0.000784
Michael Wolff,Nicole Junkermann,0.99939,0.3,0.867925,0.003375
Michael Wolff,Noam Chomsky,0.999566,0.2,0.849057,0.002769
Michael Wolff,"Nowak, Martin",0.988701,0.181818,0.830189,0.001911
Michael Wolff,Paul Morris,0.985069,0.1875,0.754717,0.002373
Michael Wolff,Peggy Siegal,0.997243,0.222222,0.867925,0.004387
Michael Wolff,Peter Mandelson,0.995238,0.222222,0.867925,0.001604
Michael Wolff,Petra Nemcova,0.016317,0.166667,0.90566,2.9e-05
Michael Wolff,"Pritzker, Tom",0.959765,0.272727,0.849057,0.003688
Michael Wolff,Ramsey Elkholy,0.985022,0.333333,0.924528,0.001546
Michael Wolff,Richard Joslin,0.983591,0.214286,0.792453,0.003543
Michael Wolff,Richard Kahn,0.435592,0.131579,0.377358,0.024855
Michael Wolff,Steve Hanson,0.968016,0.142857,0.773585,0.004108
Michael Wolff,Stewart Oldfield,0.988756,0.2,0.773585,0.001059
Michael Wolff,Sultan Bin Sulayem,0.94899,0.333333,0.849057,0.003584
Michael Wolff,Tazia Smith,0.995331,0.25,0.830189,0.00229
Michael Wolff,Vahe Stepanian,0.992612,0.214286,0.792453,0.00148
Michael Wolff,Valeria Chomsky,0.998448,0.181818,0.830189,0.002107
Natalia Molotkova,Nicole Junkermann,0.968213,0.166667,0.811321,0.000866
Natalia Molotkova,Noam Chomsky,0.970431,0.3,0.867925,0.000775
Natalia Molotkova,"Nowak, Martin",0.994704,0.4,0.886792,0.00046
Natalia Molotkova,Paul Morris,0.954819,0.333333,0.811321,0.000695
Natalia Molotkova,Peggy Siegal,0.968864,0.5,0.924528,0.001156
Natalia Molotkova,Peter Mandelson,0.984396,0.2,0.849057,0.000379
Natalia Molotkova,Petra Nemcova,0.004897,0.142857,0.886792,9e-06
Natalia Molotkova,"Pritzker, Tom",0.98471,0.25,0.830189,0.000929
Natalia Molotkova,Ramsey Elkholy,0.971159,0.285714,0.90566,0.00035
Natalia Molotkova,Richard Joslin,0.98093,0.285714,0.811321,0.000852
Natalia Molotkova,Richard Kahn,0.402567,0.157895,0.396226,0.006163
Natalia Molotkova,Steve Hanson,0.960753,0.307692,0.830189,0.001077
Natalia Molotkova,Stewart Oldfield,0.975049,0.357143,0.830189,0.000321
Natalia Molotkova,Sultan Bin Sulayem,0.95279,0.214286,0.792453,0.000878
Natalia Molotkova,Tazia Smith,0.974479,0.454545,0.886792,0.00047
Natalia Molotkova,Vahe Stepanian,0.968302,0.384615,0.849057,0.000332
Natalia Molotkova,Valeria Chomsky,0.973764,0.555556,0.924528,0.000553
Nicole Junkermann,Noam Chomsky,0.99813,0.3,0.867925,0.003113
Nicole Junkermann,"Nowak, Martin",0.98814,0.166667,0.811321,0.002149
Nicole Junkermann,Paul Morris,0.988443,0.176471,0.735849,0.002655
Nicole Junkermann,Peggy Siegal,0.995334,0.2,0.849057,0.004933
Nicole Junkermann,Peter Mandelson,0.993055,0.2,0.849057,0.001807
Nicole Junkermann,Petra Nemcova,0.018108,0.142857,0.886792,3.3e-05
Nicole Junkermann,"Pritzker, Tom",0.964502,0.363636,0.867925,0.004153
Nicole Junkermann,Ramsey Elkholy,0.979337,0.285714,0.90566,0.001743
Nicole Junkermann,Richard Joslin,0.987702,0.2,0.773585,0.00399
Nicole Junkermann,Richard Kahn,0.463107,0.1,0.320755,0.027963
Nicole Junkermann,Steve Hanson,0.975255,0.214286,0.792453,0.004608
Nicole Junkermann,Stewart Oldfield,0.990908,0.1875,0.754717,0.001189
Nicole Junkermann,Sultan Bin Sulayem,0.957931,0.214286,0.792453,0.004036
Nicole Junkermann,Tazia Smith,0.993543,0.230769,0.811321,0.00258
Nicole Junkermann,Vahe Stepanian,0.992609,0.2,0.773585,0.001667
Nicole Junkermann,Valeria Chomsky,0.996946,0.166667,0.811321,0.002369
Noam Chomsky,"Nowak, Martin",0.989501,0.444444,0.90566,0.001838
Noam Chomsky,Paul Morris,0.980779,0.1875,0.754717,0.002216
Noam Chomsky,Peggy Siegal,0.998582,0.375,0.90566,0.004037
Noam Chomsky,Peter Mandelson,0.996593,0.222222,0.867925,0.001524
Noam Chomsky,Petra Nemcova,0.01549,0.166667,0.90566,2.5e-05
Noam Chomsky,"Pritzker, Tom",0.95777,0.166667,0.811321,0.003418
Noam Chomsky,Ramsey Elkholy,0.989364,0.333333,0.924528,0.001491
Noam Chomsky,Richard Joslin,0.98049,0.214286,0.792453,0.003356
Noam Chomsky,Richard Kahn,0.413171,0.102564,0.339623,0.024192
Noam Chomsky,Steve Hanson,0.962592,0.230769,0.811321,0.003779
Noam Chomsky,Stewart Oldfield,0.98624,0.2,0.773585,0.000961
Noam Chomsky,Sultan Bin Sulayem,0.942326,0.230769,0.811321,0.00337
Noam Chomsky,Tazia Smith,0.995668,0.25,0.830189,0.002298
Noam Chomsky,Vahe Stepanian,0.991203,0.214286,0.792453,0.001466
Noam Chomsky,Valeria Chomsky,0.998801,0.444444,0.90566,0.006558
"Nowak, Martin",Paul Morris,0.97605,0.25,0.773585,0.001499
"Nowak, Martin",Peggy Siegal,0.986869,0.333333,0.886792,0.002805
"Nowak, Martin",Peter Mandelson,0.996635,0.2,0.849057,0.000979
"Nowak, Martin",Petra Nemcova,0.010097,0.142857,0.886792,2.1e-05
"Nowak, Martin","Pritzker, Tom",0.980637,0.363636,0.867925,0.002332
"Nowak, Martin",Ramsey Elkholy,0.984164,0.285714,0.90566,0.000922
"Nowak, Martin",Richard Joslin,0.989691,0.2,0.773585,0.002174
"Nowak, Martin",Richard Kahn,0.416372,0.157895,0.396226,0.015268
"Nowak, Martin",Steve Hanson,0.970348,0.307692,0.830189,0.002612
"Nowak, Martin",Stewart Oldfield,0.9894,0.266667,0.792453,0.000721
"Nowak, Martin",Sultan Bin Sulayem,0.958268,0.214286,0.792453,0.002221
"Nowak, Martin",Tazia Smith,0.991599,0.333333,0.849057,0.001285
"Nowak, Martin",Vahe Stepanian,0.987271,0.285714,0.811321,0.000862
"Nowak, Martin",Valeria Chomsky,0.991773,0.555556,0.924528,0.001341
Paul Morris,Peggy Siegal,0.970452,0.285714,0.811321,0.003478
Paul Morris,Peter Mandelson,0.977187,0.285714,0.811321,0.001245
Paul Morris,Petra Nemcova,0.026427,0.076923,0.773585,2.4e-05
Paul Morris,"Pritzker, Tom",0.95762,0.166667,0.716981,0.00289
Paul Morris,Ramsey Elkholy,0.950133,0.153846,0.792453,0.001193
Paul Morris,Richard Joslin,0.989571,0.411765,0.811321,0.00278
Paul Morris,Richard Kahn,0.526801,0.315789,0.509434,0.022379
Paul Morris,Steve Hanson,0.980409,0.277778,0.754717,0.003243
Paul Morris,Stewart Oldfield,0.996766,0.666667,0.90566,0.003844
Paul Morris,Sultan Bin Sulayem,0.971723,0.15,0.679245,0.002801
Paul Morris,Tazia Smith,0.985277,0.571429,0.886792,0.012268
Paul Morris,Vahe Stepanian,0.994437,0.714286,0.924528,0.00979
Paul Morris,Valeria Chomsky,0.984447,0.25,0.773585,0.001672
Peggy Siegal,Peter Mandelson,0.994441,0.25,0.886792,0.002352
Peggy Siegal,Petra Nemcova,0.017386,0.2,0.924528,4.3e-05
Peggy Siegal,"Pritzker, Tom",0.955864,0.181818,0.830189,0.005393
Peggy Siegal,Ramsey Elkholy,0.990997,0.4,0.943396,0.002271
Peggy Siegal,Richard Joslin,0.974539,0.230769,0.811321,0.005192
Peggy Siegal,Richard Kahn,0.396916,0.105263,0.358491,0.0365
Peggy Siegal,Steve Hanson,0.956718,0.25,0.830189,0.005991
Peggy Siegal,Stewart Oldfield,0.977746,0.307692,0.830189,0.001545
Peggy Siegal,Sultan Bin Sulayem,0.93406,0.25,0.830189,0.005249
Peggy Siegal,Tazia Smith,0.990772,0.4,0.886792,0.003375
Peggy Siegal,Vahe Stepanian,0.983193,0.333333,0.849057,0.002179
Peggy Siegal,Valeria Chomsky,0.995548,0.333333,0.886792,0.003079
Peter Mandelson,Petra Nemcova,0.009691,0.2,0.924528,1.7e-05
Peter Mandelson,"Pritzker, Tom",0.96437,0.181818,0.830189,0.001967
Peter Mandelson,Ramsey Elkholy,0.993305,0.4,0.943396,0.000792
Peter Mandelson,Richard Joslin,0.982308,0.142857,0.773585,0.00185
Peter Mandelson,Richard Kahn,0.383147,0.105263,0.358491,0.012957
Peter Mandelson,Steve Hanson,0.95952,0.25,0.830189,0.002191
Peter Mandelson,Stewart Oldfield,0.98778,0.133333,0.754717,0.000591
Peter Mandelson,Sultan Bin Sulayem,0.942232,0.153846,0.792453,0.001884
Peter Mandelson,Tazia Smith,0.997345,0.166667,0.811321,0.001126
Peter Mandelson,Vahe Stepanian,0.991478,0.142857,0.773585,0.000745
Peter Mandelson,Valeria Chomsky,0.998071,0.2,0.849057,0.001126
Petra Nemcova,"Pritzker, Tom",0.018957,0.125,0.867925,3.7e-05
Petra Nemcova,Ramsey Elkholy,0.007059,0.5,0.981132,1.7e-05
Petra Nemcova,Richard Joslin,0.026673,0.090909,0.811321,3.7e-05
Petra Nemcova,Richard Kahn,0.131155,0.027027,0.320755,0.000263
Petra Nemcova,Steve Hanson,0.02558,0.1,0.830189,4e-05
Petra Nemcova,Stewart Oldfield,0.014815,0.083333,0.792453,9e-06
Petra Nemcova,Sultan Bin Sulayem,0.027803,0.1,0.830189,3.7e-05
Petra Nemcova,Tazia Smith,0.034783,0.111111,0.849057,2.8e-05
Petra Nemcova,Vahe Stepanian,0.031156,0.090909,0.811321,1.7e-05
Petra Nemcova,Valeria Chomsky,0.012582,0.142857,0.886792,2.1e-05
"Pritzker, Tom",Ramsey Elkholy,0.936093,0.25,0.886792,0.001892
"Pritzker, Tom",Richard Joslin,0.988527,0.117647,0.716981,0.004344
"Pritzker, Tom",Richard Kahn,0.548485,0.125,0.339623,0.030438
"Pritzker, Tom",Steve Hanson,0.98755,0.384615,0.849057,0.005036
"Pritzker, Tom",Stewart Oldfield,0.971215,0.176471,0.735849,0.001308
"Pritzker, Tom",Sultan Bin Sulayem,0.984843,0.2,0.773585,0.004408
"Pritzker, Tom",Tazia Smith,0.953829,0.214286,0.792453,0.002784
"Pritzker, Tom",Vahe Stepanian,0.954834,0.1875,0.754717,0.001805
"Pritzker, Tom",Valeria Chomsky,0.956893,0.25,0.830189,0.002588
Ramsey Elkholy,Richard Joslin,0.955049,0.181818,0.830189,0.001759
Ramsey Elkholy,Richard Kahn,0.285365,0.054054,0.339623,0.01232
Ramsey Elkholy,Steve Hanson,0.923426,0.2,0.849057,0.002113
Ramsey Elkholy,Stewart Oldfield,0.964606,0.166667,0.811321,0.000584
Ramsey Elkholy,Sultan Bin Sulayem,0.899045,0.2,0.849057,0.001798
Ramsey Elkholy,Tazia Smith,0.988375,0.222222,0.867925,0.001033
Ramsey Elkholy,Vahe Stepanian,0.975259,0.181818,0.830189,0.000694
Ramsey Elkholy,Valeria Chomsky,0.98978,0.285714,0.90566,0.001085
Richard Joslin,Richard Kahn,0.535166,0.230769,0.433962,0.030442
Richard Joslin,Steve Hanson,0.993844,0.166667,0.716981,0.00484
Richard Joslin,Stewart Oldfield,0.994904,0.4375,0.830189,0.001382
Richard Joslin,Sultan Bin Sulayem,0.987899,0.105263,0.679245,0.004169
Richard Joslin,Tazia Smith,0.981406,0.538462,0.886792,0.002533
Richard Joslin,Vahe Stepanian,0.985947,0.466667,0.849057,0.001731
Richard Joslin,Valeria Chomsky,0.98231,0.285714,0.811321,0.002487
Richard Kahn,Steve Hanson,0.619754,0.175,0.377358,0.034003
Richard Kahn,Stewart Oldfield,0.491046,0.289474,0.490566,0.025689
Richard Kahn,Sultan Bin Sulayem,0.651223,0.205128,0.415094,0.029215
Richard Kahn,Tazia Smith,0.392755,0.210526,0.433962,0.022506
Richard Kahn,Vahe Stepanian,0.441268,0.263158,0.471698,0.021594
Richard Kahn,Valeria Chomsky,0.402199,0.157895,0.396226,0.017539
Steve Hanson,Stewart Oldfield,0.98157,0.222222,0.735849,0.001446
Steve Hanson,Sultan Bin Sulayem,0.997064,0.111111,0.698113,0.004971
Steve Hanson,Tazia Smith,0.957814,0.266667,0.792453,0.003131
Steve Hanson,Vahe Stepanian,0.966616,0.235294,0.754717,0.002024
Steve Hanson,Valeria Chomsky,0.961511,0.307692,0.830189,0.002878
Stewart Oldfield,Sultan Bin Sulayem,0.972987,0.157895,0.698113,0.001302
Stewart Oldfield,Tazia Smith,0.991494,0.615385,0.90566,0.003191
Stewart Oldfield,Vahe Stepanian,0.996869,0.769231,0.943396,0.00952
Stewart Oldfield,Valeria Chomsky,0.99037,0.266667,0.792453,0.000748
Sultan Bin Sulayem,Tazia Smith,0.941135,0.1875,0.754717,0.002594
Sultan Bin Sulayem,Vahe Stepanian,0.953441,0.166667,0.716981,0.001702
Sultan Bin Sulayem,Valeria Chomsky,0.943172,0.133333,0.754717,0.002515
Tazia Smith,Vahe Stepanian,0.997286,0.666667,0.924528,0.00777
Tazia Smith,Valeria Chomsky,0.998812,0.333333,0.849057,0.001608
Vahe Stepanian,Valeria Chomsky,0.995419,0.285714,0.811321,0.001041
